13:25:10.1399998,,kin1_1,2,-4,-13,No,No,Kin2_1,0.3827122,0.010686,1.366975,0.5880156,-0.07107574,Tracked,kin3_1,0.025,-0.019,0.084,-0.090,0.063,0.064,0.050,0.172,0.188,0.020,0.106,0.025,0.037,0.043,0.077,0.005,0.024
13:25:10.3885326,,kin1_1,2,-7,-12,Maybe,No,Kin2_1,0.3813685,0.0115317,1.366544,0.5880156,-0.07107574,Tracked,kin3_1,0.037,-0.032,0.020,-0.225,0.048,0.143,0.019,0.139,0.028,0.032,0.070,0.012,0.037,0.030,0.077,-0.117,0.036
13:25:10.6522191,,kin1_1,4,-2,-11,No,No,Kin2_1,0.3783748,0.01297476,1.367243,0.5880156,-0.07107574,Tracked,kin3_1,0.080,-0.023,0.075,-0.154,0.032,0.268,0.147,0.189,0.013,0.118,0.122,0.000,0.305,0.290,0.221,-0.079,0.047
13:25:10.9144048,,kin1_1,1,-3,-10,No,No,Kin2_1,0.3777287,0.01339042,1.368694,0.5880156,-0.07107574,Tracked,kin3_1,0.075,-0.107,0.053,-0.204,0.053,0.137,0.028,0.200,0.022,0.008,0.133,0.010,0.039,0.020,0.125,-0.169,0.024
13:25:11.1745891,,kin1_1,5,-2,-9,No,No,Kin2_1,0.3780469,0.01364453,1.369843,0.5880156,-0.07107574,Tracked,kin3_1,0.058,-0.098,0.055,-0.132,0.064,0.115,0.022,0.218,0.126,0.093,0.118,0.013,0.033,0.031,0.128,-0.140,0.031
13:25:11.4457815,,kin1_1,4,-3,-9,No,No,Kin2_1,0.3779694,0.01405448,1.370708,0.5880156,-0.07107574,Tracked,kin3_1,0.051,-0.120,0.074,-0.098,0.048,0.063,0.026,0.173,0.137,0.075,0.129,0.003,0.038,0.031,0.066,-0.125,0.039
13:25:11.7074672,,kin1_1,7,-6,-9,No,No,Kin2_1,0.380414,0.0138335,1.372977,0.5880156,-0.07107574,Tracked,kin3_1,0.046,-0.102,0.098,-0.048,0.105,0.098,0.028,0.200,0.219,0.094,0.122,0.008,0.034,0.028,0.053,-0.056,0.037
13:25:11.9776579,,kin1_1,6,-6,-8,No,No,Kin2_1,0.3817811,0.01387368,1.374803,0.5911691,-0.08283094,Tracked,kin3_1,0.041,-0.055,0.111,-0.137,0.095,0.032,0.032,0.110,0.267,0.061,0.027,0.000,0.027,0.037,0.124,-0.068,0.071
13:25:12.3399152,,kin1_1,6,-7,-9,No,No,Kin2_1,0.3820232,0.01386505,1.375913,0.5962734,-0.09251595,Tracked,kin3_1,0.023,-0.055,0.078,-0.159,0.095,0.040,0.030,0.126,0.228,0.078,0.044,0.011,0.030,0.034,0.033,-0.083,0.061
13:25:12.5580697,,kin1_1,8,-7,-11,No,No,Kin2_1,0.38293,0.0137878,1.376404,0.5962734,-0.09251595,Tracked,kin3_1,0.023,-0.055,0.078,-0.159,0.095,0.040,0.030,0.126,0.228,0.078,0.044,0.011,0.030,0.034,0.033,-0.083,0.061
13:25:12.8087694,,kin1_1,7,-8,-9,No,No,Kin2_1,0.3835077,0.01398315,1.376878,0.5962734,-0.09251595,Tracked,kin3_1,0.221,-0.038,0.148,-0.094,0.019,0.093,0.030,0.127,0.007,0.162,0.154,0.009,0.011,0.018,0.450,-0.087,0.023
13:25:13.0649524,,kin1_1,6,-5,-7,No,No,Kin2_1,0.3838739,0.01438407,1.376345,0.5962734,-0.09251595,Tracked,kin3_1,0.180,-0.078,0.103,-0.163,0.049,0.052,0.022,0.105,0.031,0.085,0.184,0.009,0.018,0.017,0.255,-0.176,0.027
13:25:13.3456894,,kin1_1,6,-8,-7,No,No,Kin2_1,0.3845191,0.01470134,1.375711,0.5962734,-0.09251595,Tracked,kin3_1,0.150,-0.040,0.120,-0.013,0.082,0.378,0.040,0.184,0.016,0.255,0.133,0.006,0.023,0.022,0.300,-0.036,0.024
13:25:13.6434003,,kin1_1,7,-6,-8,No,No,Kin2_1,0.386043,0.01481088,1.376264,0.5962734,-0.09251595,Tracked,kin3_1,0.090,-0.101,0.118,-0.087,0.064,0.046,0.019,0.165,0.093,0.068,0.197,0.002,0.023,0.022,0.115,-0.119,0.008
13:25:13.8980817,,kin1_1,8,-7,-10,No,No,Kin2_1,0.3872604,0.01477114,1.377677,0.6138901,-0.09834491,Tracked,kin3_1,0.071,-0.134,0.098,-0.105,0.097,0.038,0.022,0.180,0.157,0.031,0.168,0.004,0.022,0.025,0.080,-0.179,0.052
13:25:14.1532621,,kin1_1,7,-8,-9,No,No,Kin2_1,0.3885235,0.01476186,1.377905,0.6208815,-0.1011921,Tracked,kin3_1,0.086,-0.117,0.127,-0.174,0.135,0.049,0.014,0.153,0.190,0.049,0.152,0.002,0.030,0.030,0.141,-0.228,0.050
13:25:14.4199510,,kin1_1,8,-7,-10,No,No,Kin2_1,0.3885349,0.01502725,1.376994,0.6214696,-0.1008781,Tracked,kin3_1,0.118,-0.116,0.169,-0.178,0.161,0.010,0.026,0.112,0.246,0.013,0.129,0.015,0.035,0.026,0.173,-0.215,0.055
13:25:14.6846385,,kin1_1,8,-6,-9,No,Maybe,Kin2_1,0.3881359,0.01537357,1.376338,0.6214696,-0.1008781,Tracked,kin3_1,0.051,-0.110,0.080,-0.155,0.161,0.052,0.023,0.120,0.196,0.057,0.104,0.008,0.000,0.003,0.124,-0.189,0.057
13:25:14.9368174,,kin1_1,6,-6,-9,No,No,Kin2_1,0.3879204,0.01584142,1.375152,0.6214696,-0.1008781,Tracked,kin3_1,0.051,-0.123,0.109,-0.129,0.186,0.031,0.018,0.168,0.256,0.066,0.133,0.012,0.040,0.038,0.065,-0.144,0.086
13:25:15.2015046,,kin1_1,5,-7,-7,No,No,Kin2_1,0.3881036,0.0160026,1.374418,0.6214696,-0.1008781,Tracked,kin3_1,0.012,-0.131,0.077,-0.146,0.168,0.035,0.018,0.204,0.268,0.092,0.093,0.010,0.031,0.030,0.078,-0.150,0.091
13:25:15.4611882,,kin1_1,7,-6,-9,No,No,Kin2_1,0.3884031,0.01572421,1.374409,0.6214696,-0.1008781,Tracked,kin3_1,0.016,-0.113,0.074,-0.104,0.094,0.032,0.030,0.210,0.253,0.117,0.076,0.006,0.040,0.042,0.075,-0.104,0.060
13:25:15.7348818,,kin1_1,8,-6,-10,No,No,Kin2_1,0.3887182,0.01462928,1.376503,0.6214696,-0.1008781,Tracked,kin3_1,0.010,-0.126,0.100,-0.096,0.080,0.048,0.026,0.188,0.265,0.106,0.067,0.010,0.025,0.030,0.035,-0.093,0.034
13:25:15.9840589,,kin1_1,9,-7,-8,No,No,Kin2_1,0.3891645,0.01353735,1.379568,0.6214696,-0.1008781,Tracked,kin3_1,0.038,-0.066,0.117,-0.150,0.043,0.000,0.021,0.163,0.258,0.125,0.059,0.018,0.000,0.001,0.164,-0.039,0.043
13:25:16.2507478,,kin1_1,8,-6,-9,No,No,Kin2_1,0.3894027,0.01289903,1.382833,0.6203703,-0.1056783,Tracked,kin3_1,0.076,-0.099,0.194,-0.139,0.118,0.022,0.013,0.243,0.235,0.095,0.126,0.006,0.017,0.015,0.223,-0.091,0.096
13:25:16.5079300,,kin1_1,10,-7,-10,No,No,Kin2_1,0.390231,0.01168656,1.384909,0.6188282,-0.1275251,Tracked,kin3_1,0.073,-0.140,0.156,-0.158,0.124,0.035,0.028,0.178,0.228,0.068,0.145,0.014,0.018,0.006,0.124,-0.181,0.088
13:25:16.7926310,,kin1_1,11,-6,-11,No,No,Kin2_1,0.3915561,0.00994027,1.387454,0.6223852,-0.1407132,Tracked,kin3_1,0.092,-0.125,0.161,-0.178,0.108,0.026,0.025,0.124,0.228,0.049,0.129,0.015,0.034,0.035,0.126,-0.195,0.045
13:25:17.0578189,,kin1_1,7,-6,-9,No,No,Kin2_1,0.3916744,0.009531211,1.388643,0.6221846,-0.1473117,Tracked,kin3_1,0.093,-0.133,0.140,-0.071,0.094,0.029,0.019,0.140,0.216,0.078,0.141,0.010,0.033,0.035,0.145,-0.083,0.033
13:25:17.3160024,,kin1_1,8,-5,-11,No,No,Kin2_1,0.3921235,0.009177863,1.389256,0.6219755,-0.1484688,Tracked,kin3_1,0.068,-0.140,0.130,-0.096,0.087,0.049,0.025,0.185,0.231,0.088,0.129,0.002,0.040,0.034,0.008,-0.102,0.038
13:25:17.5791891,,kin1_1,9,-8,-11,No,No,Kin2_1,0.3941104,0.00859882,1.38954,0.6219755,-0.1484688,Tracked,kin3_1,0.041,-0.126,0.103,-0.078,0.105,0.047,0.029,0.116,0.238,0.117,0.097,0.010,0.033,0.030,0.023,-0.060,0.032
13:25:17.8383724,,kin1_1,12,-7,-11,No,No,Kin2_1,0.395354,0.009144511,1.389312,0.6219755,-0.1484688,Tracked,kin3_1,0.057,-0.129,0.164,-0.191,0.077,0.025,0.027,0.139,0.212,0.157,0.128,0.007,0.031,0.029,0.101,-0.132,0.058
13:25:18.1095645,,kin1_1,10,-8,-9,No,No,Kin2_1,0.3951942,0.01142973,1.38693,0.6219755,-0.1484688,Tracked,kin3_1,0.026,-0.103,0.035,-0.177,0.089,0.055,0.030,0.222,0.238,0.118,0.091,0.004,0.019,0.017,0.074,-0.126,0.092
13:25:18.3722506,,kin1_1,10,-5,-10,No,No,Kin2_1,0.3949865,0.01242673,1.38448,0.6231459,-0.1472166,Tracked,kin3_1,0.005,-0.134,0.096,-0.049,0.136,0.037,0.029,0.163,0.262,0.152,0.094,0.003,0.023,0.023,0.030,-0.060,0.079
13:25:18.6174242,,kin1_1,10,-9,-10,No,No,Kin2_1,0.3959006,0.01197374,1.384614,0.6367862,-0.1356009,Tracked,kin3_1,0.011,-0.157,0.058,-0.138,0.116,0.039,0.024,0.191,0.262,0.213,0.075,0.008,0.025,0.030,0.010,-0.121,0.082
13:25:18.8711042,,kin1_1,12,-9,-11,No,No,Kin2_1,0.3971397,0.01126909,1.386024,0.6409217,-0.1382895,Tracked,kin3_1,0.018,-0.136,0.093,-0.144,0.144,0.051,0.034,0.211,0.258,0.231,0.110,0.009,0.030,0.035,0.050,-0.106,0.105
13:25:19.1207804,,kin1_1,12,-6,-11,No,No,Kin2_1,0.3976383,0.011068,1.386667,0.6409217,-0.1382895,Tracked,kin3_1,0.048,-0.078,0.123,-0.275,0.167,0.026,0.029,0.197,0.328,0.144,0.061,0.014,0.012,0.006,0.082,-0.168,0.127
13:25:19.3909722,,kin1_1,7,-4,-11,No,No,Kin2_1,0.3962512,0.01025735,1.385955,0.6409217,-0.1382895,Tracked,kin3_1,0.012,-0.053,0.047,-0.160,0.135,0.041,0.036,0.131,0.290,0.067,0.042,0.008,0.036,0.041,0.029,-0.123,0.043
13:25:19.6531572,,kin1_1,7,-4,-10,No,No,Kin2_1,0.3930226,0.008531517,1.38628,0.6409217,-0.1382895,Tracked,kin3_1,0.009,-0.055,0.078,-0.085,0.188,0.083,0.033,0.189,0.315,0.068,0.048,0.012,0.065,0.071,0.026,-0.080,0.041
13:25:19.9103407,,kin1_1,6,-6,-9,No,No,Kin2_1,0.3912086,0.007668306,1.3874,0.6283911,-0.1400329,Tracked,kin3_1,0.021,-0.082,0.066,-0.064,0.122,0.074,0.024,0.154,0.283,0.051,0.044,0.010,0.057,0.058,0.039,-0.013,0.031
13:25:20.1860353,,kin1_1,3,-5,-9,No,No,Kin2_1,0.3900315,0.008085085,1.386432,0.6171144,-0.1398956,Tracked,kin3_1,0.004,-0.037,0.039,-0.108,0.137,0.047,0.034,0.193,0.257,0.058,0.040,0.013,0.063,0.058,0.032,-0.024,0.065
13:25:20.4597292,,kin1_1,5,-6,-10,No,No,Kin2_1,0.3896952,0.008394221,1.386475,0.6160496,-0.1399301,Tracked,kin3_1,0.008,-0.046,0.041,-0.106,0.194,0.060,0.038,0.168,0.267,0.092,0.065,0.006,0.061,0.062,0.026,-0.083,0.107
13:25:20.7194131,,kin1_1,3,-6,-11,No,No,Kin2_1,0.3906254,0.007910195,1.385257,0.6160496,-0.1399301,Tracked,kin3_1,0.001,-0.044,0.032,-0.135,0.160,0.037,0.035,0.169,0.231,0.085,0.051,0.009,0.057,0.061,0.028,-0.010,0.154
13:25:20.9825992,,kin1_1,0,-8,-13,No,No,Kin2_1,0.3953733,0.005508248,1.379815,0.6177191,-0.1390916,Tracked,kin3_1,0.000,0.001,0.043,-0.106,0.174,0.041,0.039,0.153,0.260,0.026,0.022,0.012,0.046,0.046,0.024,0.044,0.072
13:25:21.2542917,,kin1_1,3,-9,-13,No,No,Kin2_1,0.3963718,0.004226123,1.3776,0.6396096,-0.1257127,Tracked,kin3_1,0.009,-0.008,0.068,-0.163,0.147,0.038,0.028,0.128,0.294,0.014,0.037,0.011,0.037,0.043,0.028,-0.043,0.057
13:25:21.4989653,,kin1_1,2,-8,-13,No,No,Kin2_1,0.3948602,0.003983049,1.374782,0.6372256,-0.1193456,Tracked,kin3_1,0.025,0.008,0.156,-0.187,0.182,0.012,0.018,0.084,0.291,0.021,0.048,0.041,0.062,0.064,0.054,0.004,0.053
13:25:21.7501429,,kin1_1,2,-7,-12,No,No,Kin2_1,0.39351,0.004841696,1.372121,0.6372256,-0.1193456,Tracked,kin3_1,0.017,0.028,0.057,-0.159,0.086,0.061,0.128,0.101,0.280,0.031,0.022,0.023,0.066,0.079,0.024,0.045,0.062
13:25:22.0163318,,kin1_1,3,-6,-10,No,No,Kin2_1,0.392689,0.006064461,1.372144,0.6290103,-0.100208,Tracked,kin3_1,0.053,-0.039,0.092,-0.060,0.055,0.025,0.021,0.087,0.173,0.019,0.074,0.013,0.043,0.045,0.065,0.014,0.033
13:25:22.2750153,,kin1_1,3,-6,-12,No,No,Kin2_1,0.3919757,0.00722394,1.372596,0.6251552,-0.09678227,Tracked,kin3_1,0.047,-0.027,0.050,-0.098,0.031,0.040,0.047,0.064,0.155,0.019,0.032,0.021,0.032,0.038,0.045,0.002,0.017
13:25:22.5241912,,kin1_1,4,-6,-12,No,No,Kin2_1,0.3913156,0.008029407,1.371867,0.6251552,-0.09678227,Tracked,kin3_1,0.029,-0.024,0.062,-0.133,0.122,0.034,0.030,0.091,0.216,0.038,0.042,0.019,0.036,0.040,0.038,-0.056,0.029
13:25:22.7838751,,kin1_1,5,-7,-13,No,No,Kin2_1,0.3910735,0.008476299,1.371569,0.6251552,-0.09678227,Tracked,kin3_1,0.020,-0.031,0.063,-0.127,0.111,0.044,0.004,0.128,0.229,0.022,0.042,0.010,0.036,0.040,0.044,-0.022,0.056
13:25:23.0415580,,kin1_1,4,-7,-13,No,No,Kin2_1,0.3909277,0.008658889,1.37144,0.6251552,-0.09678227,Tracked,kin3_1,0.012,-0.043,0.118,-0.104,0.112,0.034,0.044,0.148,0.262,0.017,0.045,0.015,0.056,0.056,0.036,-0.021,0.046
13:25:23.2897335,,kin1_1,3,-2,-11,No,No,Kin2_1,0.387723,0.01067588,1.371269,0.6226242,-0.09240627,Tracked,kin3_1,0.049,-0.047,0.016,-0.095,0.034,0.039,0.037,0.132,0.211,0.028,0.048,0.013,0.071,0.077,0.036,-0.040,0.031
13:25:23.5429128,,kin1_1,3,-3,-9,No,No,Kin2_1,0.3784895,0.01531114,1.370808,0.5900608,-0.07174612,Tracked,kin3_1,0.035,-0.040,0.044,-0.143,0.068,0.089,0.039,0.139,0.163,0.028,0.055,0.014,0.043,0.039,0.047,-0.108,0.035
13:25:23.8086013,,kin1_1,3,-1,-8,No,No,Kin2_1,0.3690031,0.01797247,1.370749,0.5521784,-0.06076508,Tracked,kin3_1,0.025,-0.034,0.021,-0.009,0.031,0.117,0.012,0.204,0.156,0.041,0.050,0.012,0.039,0.044,0.058,0.029,0.058
13:25:24.0592782,,kin1_1,4,-3,-8,No,No,Kin2_1,0.3643096,0.01869488,1.371522,0.5306538,-0.05807061,Tracked,kin3_1,0.031,-0.081,0.017,-0.087,0.102,0.131,0.043,0.203,0.136,0.042,0.086,0.008,0.040,0.036,0.033,-0.135,0.039
13:25:24.3514859,,kin1_1,5,-3,-8,No,No,Kin2_1,0.3640795,0.01843676,1.371049,0.5271518,-0.05712808,Tracked,kin3_1,0.016,-0.057,0.063,-0.066,0.098,0.042,0.039,0.147,0.183,0.029,0.075,0.014,0.037,0.028,0.043,-0.049,0.058
13:25:24.6021644,,kin1_1,5,-2,-9,No,No,Kin2_1,0.3656868,0.01837164,1.37131,0.5306415,-0.05772802,Tracked,kin3_1,0.038,-0.035,0.052,-0.181,0.135,0.077,0.045,0.143,0.237,0.067,0.036,0.003,0.028,0.035,0.041,-0.165,0.107
13:25:24.8653495,,kin1_1,7,-3,-9,No,No,Kin2_1,0.3657922,0.0188929,1.37192,0.5313596,-0.05805439,Tracked,kin3_1,0.038,-0.045,0.078,-0.080,0.170,0.034,0.025,0.146,0.201,0.106,0.059,0.014,0.027,0.030,0.117,-0.017,0.201
13:25:25.1190295,,kin1_1,7,-2,-8,No,No,Kin2_1,0.365512,0.01960062,1.37235,0.5313596,-0.05805439,Tracked,kin3_1,0.048,-0.032,0.087,-0.093,0.155,0.034,0.029,0.184,0.171,0.070,0.066,0.014,0.033,0.034,0.126,-0.032,0.193
13:25:25.3712409,,kin1_1,7,-2,-8,Maybe,No,Kin2_1,0.3654862,0.01987413,1.372483,0.5313596,-0.05805439,Tracked,kin3_1,0.009,-0.061,0.056,-0.071,0.115,0.000,0.022,0.171,0.199,0.103,0.080,0.013,0.029,0.025,0.090,-0.033,0.139
13:25:25.6224188,,kin1_1,7,-4,-7,No,No,Kin2_1,0.3653161,0.0200912,1.372309,0.5313596,-0.05805439,Tracked,kin3_1,0.009,-0.063,0.100,-0.089,0.164,0.034,0.025,0.195,0.257,0.120,0.048,0.004,0.027,0.026,0.027,-0.086,0.180
13:25:25.8856418,,kin1_1,8,-3,-9,No,No,Kin2_1,0.3650301,0.02063223,1.371485,0.5313596,-0.05805439,Tracked,kin3_1,0.000,-0.036,0.092,-0.072,0.216,0.035,0.027,0.197,0.273,0.148,0.028,0.013,0.021,0.022,0.105,-0.010,0.305
13:25:26.1368200,,kin1_1,3,0,-7,No,No,Kin2_1,0.364434,0.02130962,1.369696,0.5313596,-0.05805439,Tracked,kin3_1,0.000,-0.040,0.039,-0.070,0.224,0.066,0.029,0.252,0.290,0.140,0.030,0.011,0.029,0.024,0.060,-0.048,0.244
13:25:26.3869985,,kin1_1,0,0,-7,No,No,Kin2_1,0.3638864,0.02195826,1.366754,0.5297354,-0.0432539,Tracked,kin3_1,0.000,-0.009,0.051,-0.080,0.212,0.041,0.055,0.219,0.300,0.129,0.024,0.006,0.038,0.033,0.030,-0.020,0.203
13:25:26.6516844,,kin1_1,3,1,-7,No,No,Kin2_1,0.3632524,0.02278451,1.364194,0.5275283,-0.02274944,Tracked,kin3_1,0.005,-0.005,0.106,-0.198,0.225,0.041,0.046,0.154,0.241,0.079,0.035,0.012,0.037,0.035,0.040,-0.170,0.196
13:25:26.9023623,,kin1_1,3,1,-7,No,No,Kin2_1,0.3633112,0.02296687,1.363317,0.5276691,-0.01720345,Tracked,kin3_1,0.017,0.015,0.047,-0.149,0.137,0.044,0.044,0.111,0.169,0.046,0.026,0.010,0.040,0.039,0.026,-0.069,0.148
13:25:27.1525392,,kin1_1,4,-1,-7,No,No,Kin2_1,0.3634129,0.0226487,1.364621,0.5268559,-0.02259082,Tracked,kin3_1,0.024,-0.034,0.040,-0.205,0.052,0.072,0.049,0.058,0.152,0.107,0.071,0.012,0.028,0.029,0.023,-0.182,0.025
13:25:27.4167266,,kin1_1,5,-3,-7,No,No,Kin2_1,0.362746,0.02185302,1.368568,0.5268559,-0.02259082,Tracked,kin3_1,0.137,-0.065,0.042,0.240,0.028,0.134,0.044,0.031,0.012,0.200,0.115,0.000,0.020,0.024,0.203,0.099,0.017
13:25:27.6814487,,kin1_1,4,-1,-8,No,No,Kin2_1,0.3630056,0.02179747,1.369528,0.5234513,-0.04148869,Tracked,kin3_1,0.071,-0.091,0.015,0.092,0.029,0.233,0.025,0.215,0.025,0.191,0.108,0.003,0.015,0.013,0.057,-0.016,0.026
13:25:27.9466359,,kin1_1,4,0,-8,No,No,Kin2_1,0.3632456,0.02133229,1.370203,0.5246043,-0.04839879,Tracked,kin3_1,0.048,-0.103,0.034,0.032,0.056,0.092,0.010,0.129,0.079,0.153,0.107,0.002,0.023,0.023,0.036,-0.072,0.041
13:25:28.1968135,,kin1_1,6,-2,-7,No,No,Kin2_1,0.3630471,0.02065498,1.371603,0.524634,-0.04961437,Tracked,kin3_1,0.036,-0.085,0.035,-0.118,0.124,0.078,0.027,0.182,0.138,0.143,0.083,0.011,0.070,0.054,0.012,-0.174,0.073
13:25:28.4670052,,kin1_1,5,0,-9,No,No,Kin2_1,0.3632197,0.01990813,1.372538,0.524634,-0.04961437,Tracked,kin3_1,0.041,-0.051,0.117,-0.123,0.162,0.034,0.025,0.107,0.171,0.083,0.079,0.013,0.044,0.030,0.064,-0.142,0.100
13:25:28.7251877,,kin1_1,6,0,-6,No,No,Kin2_1,0.3636544,0.01932176,1.373474,0.5236495,-0.06451665,Tracked,kin3_1,0.032,-0.035,0.093,-0.119,0.109,0.041,0.022,0.154,0.114,0.047,0.052,0.011,0.038,0.035,0.127,-0.063,0.105
13:25:28.9853720,,kin1_1,7,0,-9,No,No,Kin2_1,0.3672763,0.01837355,1.373689,0.5346533,-0.07341246,Tracked,kin3_1,0.047,-0.066,0.097,-0.113,0.022,0.064,0.018,0.219,0.036,0.064,0.130,0.018,0.030,0.033,0.197,-0.047,0.053
13:25:29.2355496,,kin1_1,7,-2,-9,No,No,Kin2_1,0.37204,0.01599072,1.37622,0.553507,-0.08531269,Tracked,kin3_1,0.088,-0.052,0.104,-0.035,0.032,0.040,0.024,0.143,0.058,0.033,0.126,0.007,0.029,0.023,0.107,0.036,0.041
13:25:29.5017388,,kin1_1,7,-2,-9,No,No,Kin2_1,0.3749505,0.0142939,1.380618,0.5666186,-0.104964,Tracked,kin3_1,0.105,-0.040,0.146,-0.139,0.093,0.030,0.021,0.146,0.183,0.060,0.066,0.010,0.035,0.034,0.153,-0.120,0.051
13:25:29.7509143,,kin1_1,6,-3,-9,No,No,Kin2_1,0.3761488,0.01274056,1.382858,0.5700635,-0.1190206,Tracked,kin3_1,0.060,-0.109,0.095,-0.091,0.110,0.038,0.016,0.158,0.180,0.063,0.113,0.014,0.027,0.024,0.036,-0.092,0.039
13:25:30.0090969,,kin1_1,7,-2,-10,No,No,Kin2_1,0.3780572,0.01142801,1.384474,0.5733268,-0.1281697,Tracked,kin3_1,0.046,-0.067,0.126,-0.225,0.141,0.037,0.021,0.131,0.219,0.080,0.104,0.010,0.031,0.024,0.050,-0.198,0.075
13:25:30.2738116,,kin1_1,7,-2,-12,No,No,Kin2_1,0.3795469,0.009833359,1.385812,0.576509,-0.1395998,Tracked,kin3_1,0.040,-0.040,0.021,-0.154,0.027,0.249,0.026,0.242,0.030,0.208,0.057,0.000,0.042,0.045,0.127,-0.067,0.060
13:25:30.5264909,,kin1_1,7,-4,-11,No,No,Kin2_1,0.3808776,0.008641108,1.387593,0.5788979,-0.1494967,Tracked,kin3_1,0.041,-0.090,0.035,-0.165,0.037,0.094,0.013,0.278,0.032,0.115,0.124,0.009,0.037,0.037,0.129,-0.121,0.094
13:25:30.7741904,,kin1_1,5,-4,-11,No,No,Kin2_1,0.3811313,0.008146676,1.387237,0.5806376,-0.152585,Tracked,kin3_1,0.041,-0.090,0.035,-0.165,0.037,0.094,0.013,0.278,0.032,0.115,0.124,0.009,0.037,0.037,0.129,-0.121,0.094
13:25:31.0253677,,kin1_1,5,-2,-10,No,No,Kin2_1,0.3806944,0.008614876,1.386104,0.5799549,-0.1501297,Tracked,kin3_1,0.041,-0.090,0.035,-0.165,0.037,0.094,0.013,0.278,0.032,0.115,0.124,0.009,0.037,0.037,0.129,-0.121,0.094
13:25:31.2885535,,kin1_1,8,-3,-10,No,No,Kin2_1,0.3801485,0.009662044,1.385365,0.5799549,-0.1501297,Tracked,kin3_1,0.041,-0.090,0.035,-0.165,0.037,0.094,0.013,0.278,0.032,0.115,0.124,0.009,0.037,0.037,0.129,-0.121,0.094
13:25:31.5447570,,kin1_1,7,-4,-11,No,No,Kin2_1,0.3825339,0.0100044,1.384235,0.580858,-0.1484578,Tracked,kin3_1,0.041,-0.090,0.035,-0.165,0.037,0.094,0.013,0.278,0.032,0.115,0.124,0.009,0.037,0.037,0.129,-0.121,0.094
13:25:31.7929649,,kin1_1,6,-4,-13,No,No,Kin2_1,0.387266,0.01006992,1.380116,0.6036036,-0.1212925,Tracked,kin3_1,0.041,-0.090,0.035,-0.165,0.037,0.094,0.013,0.278,0.032,0.115,0.124,0.009,0.037,0.037,0.129,-0.121,0.094
13:25:32.0551509,,kin1_1,7,-4,-12,No,No,Kin2_1,0.3881328,0.01079858,1.376754,0.6123488,-0.1060405,Tracked,kin3_1,0.041,-0.090,0.035,-0.165,0.037,0.094,0.013,0.278,0.032,0.115,0.124,0.009,0.037,0.037,0.129,-0.121,0.094
13:25:32.3143342,,kin1_1,5,-2,-11,No,No,Kin2_1,0.3822811,0.01310412,1.375484,0.5965316,-0.09457382,Tracked,kin3_1,0.041,-0.090,0.035,-0.165,0.037,0.094,0.013,0.278,0.032,0.115,0.124,0.009,0.037,0.037,0.129,-0.121,0.094
13:25:32.5695358,,kin1_1,4,-1,-11,No,No,Kin2_1,0.3791618,0.01520677,1.375229,0.5814549,-0.08827642,Tracked,kin3_1,0.041,-0.090,0.035,-0.165,0.037,0.094,0.013,0.278,0.032,0.115,0.124,0.009,0.037,0.037,0.129,-0.121,0.094
13:25:32.8237162,,kin1_1,3,-2,-12,No,Maybe,Kin2_1,0.3787901,0.01539597,1.374649,0.5790107,-0.08556397,Tracked,kin3_1,0.041,-0.090,0.035,-0.165,0.037,0.094,0.013,0.278,0.032,0.115,0.124,0.009,0.037,0.037,0.129,-0.121,0.094
13:25:33.0839018,,kin1_1,4,-2,-12,No,No,Kin2_1,0.378675,0.01489901,1.37492,0.5784197,-0.08733433,Tracked,kin3_1,0.041,-0.090,0.035,-0.165,0.037,0.094,0.013,0.278,0.032,0.115,0.124,0.009,0.037,0.037,0.129,-0.121,0.094
13:25:33.3550926,,kin1_1,5,-1,-12,No,No,Kin2_1,0.3781907,0.01432988,1.376178,0.5784197,-0.08733433,Tracked,kin3_1,0.041,-0.090,0.035,-0.165,0.037,0.094,0.013,0.278,0.032,0.115,0.124,0.009,0.037,0.037,0.129,-0.121,0.094
13:25:33.6027680,,kin1_1,6,-3,-12,No,No,Kin2_1,0.3770081,0.013678,1.378111,0.5784197,-0.08733433,Tracked,kin3_1,0.041,-0.090,0.035,-0.165,0.037,0.094,0.013,0.278,0.032,0.115,0.124,0.009,0.037,0.037,0.129,-0.121,0.094
13:25:33.8549684,,kin1_1,6,-4,-12,No,No,Kin2_1,0.3767387,0.01332759,1.379062,0.5681016,-0.1002022,Tracked,kin3_1,0.041,-0.090,0.035,-0.165,0.037,0.094,0.013,0.278,0.032,0.115,0.124,0.009,0.037,0.037,0.129,-0.121,0.094
13:25:34.1191559,,kin1_1,4,-3,-12,No,No,Kin2_1,0.3768204,0.0132452,1.378508,0.5659673,-0.1005916,Tracked,kin3_1,0.041,-0.090,0.035,-0.165,0.037,0.094,0.013,0.278,0.032,0.115,0.124,0.009,0.037,0.037,0.129,-0.121,0.094
13:25:34.3823423,,kin1_1,5,-4,-11,No,No,Kin2_1,0.3766811,0.01366326,1.377359,0.5659672,-0.09989566,Tracked,kin3_1,0.041,-0.090,0.035,-0.165,0.037,0.094,0.013,0.278,0.032,0.115,0.124,0.009,0.037,0.037,0.129,-0.121,0.094
13:25:34.6505323,,kin1_1,6,-6,-12,No,No,Kin2_1,0.3765857,0.01423021,1.375846,0.5659672,-0.09989566,Tracked,kin3_1,0.041,-0.090,0.035,-0.165,0.037,0.094,0.013,0.278,0.032,0.115,0.124,0.009,0.037,0.037,0.129,-0.121,0.094
13:25:34.9212628,,kin1_1,5,-6,-11,No,No,Kin2_1,0.376627,0.01428181,1.375767,0.5659672,-0.09989566,Tracked,kin3_1,0.041,-0.090,0.035,-0.165,0.037,0.094,0.013,0.278,0.032,0.115,0.124,0.009,0.037,0.037,0.129,-0.121,0.094
13:25:35.1809465,,kin1_1,6,-4,-12,No,No,Kin2_1,0.3765963,0.01373959,1.377184,0.5659672,-0.09989566,Tracked,kin3_1,0.041,-0.090,0.035,-0.165,0.037,0.094,0.013,0.278,0.032,0.115,0.124,0.009,0.037,0.037,0.129,-0.121,0.094
13:25:35.4366276,,kin1_1,6,-4,-12,No,No,Kin2_1,0.3762079,0.01272493,1.379689,0.5659672,-0.09989566,Tracked,kin3_1,0.041,-0.090,0.035,-0.165,0.037,0.094,0.013,0.278,0.032,0.115,0.124,0.009,0.037,0.037,0.129,-0.121,0.094
13:25:35.6878058,,kin1_1,5,-4,-13,No,No,Kin2_1,0.3754171,0.01167806,1.381732,0.5659672,-0.09989566,Tracked,kin3_1,0.041,-0.090,0.035,-0.165,0.037,0.094,0.013,0.278,0.032,0.115,0.124,0.009,0.037,0.037,0.129,-0.121,0.094
13:25:35.9490139,,kin1_1,2,2,-11,No,No,Kin2_1,0.3742508,0.01047308,1.383344,0.5659672,-0.09989566,Tracked,kin3_1,0.041,-0.090,0.035,-0.165,0.037,0.094,0.013,0.278,0.032,0.115,0.124,0.009,0.037,0.037,0.129,-0.121,0.094
13:25:36.2132010,,kin1_1,0,0,-9,No,No,Kin2_1,0.373261,0.01046016,1.382939,0.5524669,-0.1131793,Tracked,kin3_1,0.041,-0.090,0.035,-0.165,0.037,0.094,0.013,0.278,0.032,0.115,0.124,0.009,0.037,0.037,0.129,-0.121,0.094
13:25:36.4603761,,kin1_1,0,0,-10,No,No,Kin2_1,0.3726255,0.01034233,1.381584,0.5499812,-0.1112542,Tracked,kin3_1,0.041,-0.090,0.035,-0.165,0.037,0.094,0.013,0.278,0.032,0.115,0.124,0.009,0.037,0.037,0.129,-0.121,0.094
13:25:36.7135555,,kin1_1,0,0,-10,No,No,Kin2_1,0.3719247,0.01033553,1.380783,0.5499812,-0.1112542,Tracked,kin3_1,0.041,-0.090,0.035,-0.165,0.037,0.094,0.013,0.278,0.032,0.115,0.124,0.009,0.037,0.037,0.129,-0.121,0.094
13:25:36.9657344,,kin1_1,0,0,-11,No,No,Kin2_1,0.3712727,0.01045958,1.380297,0.5499812,-0.1112542,Tracked,kin3_1,0.041,-0.090,0.035,-0.165,0.037,0.094,0.013,0.278,0.032,0.115,0.124,0.009,0.037,0.037,0.129,-0.121,0.094
13:25:37.2169120,,kin1_1,0,0,-10,No,No,Kin2_1,0.3696908,0.01106789,1.378893,0.5499812,-0.1112542,Tracked,kin3_1,0.041,-0.090,0.035,-0.165,0.037,0.094,0.013,0.278,0.032,0.115,0.124,0.009,0.037,0.037,0.129,-0.121,0.094
13:25:37.4800984,,kin1_1,0,0,-12,No,No,Kin2_1,0.3676982,0.01135222,1.377194,0.5353357,-0.09793021,Tracked,kin3_1,0.041,-0.090,0.035,-0.165,0.037,0.094,0.013,0.278,0.032,0.115,0.124,0.009,0.037,0.037,0.129,-0.121,0.094
13:25:37.7432852,,kin1_1,3,1,-11,No,No,Kin2_1,0.3670257,0.01125042,1.377366,0.5294695,-0.09768238,Tracked,kin3_1,0.041,-0.090,0.035,-0.165,0.037,0.094,0.013,0.278,0.032,0.115,0.124,0.009,0.037,0.037,0.129,-0.121,0.094
13:25:38.0014684,,kin1_1,0,-1,-10,No,No,Kin2_1,0.3676344,0.01108645,1.376802,0.5291002,-0.09871918,Tracked,kin3_1,0.041,-0.090,0.035,-0.165,0.037,0.094,0.013,0.278,0.032,0.115,0.124,0.009,0.037,0.037,0.129,-0.121,0.094
13:25:38.2506439,,kin1_1,0,0,-11,No,No,Kin2_1,0.3693734,0.01105238,1.375752,0.5291002,-0.09871918,Tracked,kin3_1,0.041,-0.090,0.035,-0.165,0.037,0.094,0.013,0.278,0.032,0.115,0.124,0.009,0.037,0.037,0.129,-0.121,0.094
13:25:38.5168328,,kin1_1,3,-1,-10,No,No,Kin2_1,0.3709775,0.01098276,1.380774,0.5328836,-0.102736,Tracked,kin3_1,0.041,-0.090,0.035,-0.165,0.037,0.094,0.013,0.278,0.032,0.115,0.124,0.009,0.037,0.037,0.129,-0.121,0.094
13:25:38.7670100,,kin1_1,4,-2,-10,No,No,Kin2_1,0.3722362,0.01022054,1.385561,0.5471297,-0.1298908,Tracked,kin3_1,0.041,-0.090,0.035,-0.165,0.037,0.094,0.013,0.278,0.032,0.115,0.124,0.009,0.037,0.037,0.129,-0.121,0.094
13:25:39.0311971,,kin1_1,3,-3,-10,No,No,Kin2_1,0.37398,0.009941962,1.386993,0.5500707,-0.1414843,Tracked,kin3_1,0.041,-0.090,0.035,-0.165,0.037,0.094,0.013,0.278,0.032,0.115,0.124,0.009,0.037,0.037,0.129,-0.121,0.094
13:25:39.2803739,,kin1_1,3,-2,-12,No,No,Kin2_1,0.3783846,0.008705928,1.387445,0.5663593,-0.1504917,Tracked,kin3_1,0.041,-0.090,0.035,-0.165,0.037,0.094,0.013,0.278,0.032,0.115,0.124,0.009,0.037,0.037,0.129,-0.121,0.094
13:25:39.5415586,,kin1_1,4,-4,-12,No,No,Kin2_1,0.3815263,0.009130809,1.388894,0.5780475,-0.1561729,Tracked,kin3_1,0.041,-0.090,0.035,-0.165,0.037,0.094,0.013,0.278,0.032,0.115,0.124,0.009,0.037,0.037,0.129,-0.121,0.094
13:25:39.7887340,,kin1_1,4,-5,-11,No,No,Kin2_1,0.3846413,0.00976488,1.388814,0.5896548,-0.1552693,Tracked,kin3_1,0.041,-0.090,0.035,-0.165,0.037,0.094,0.013,0.278,0.032,0.115,0.124,0.009,0.037,0.037,0.129,-0.121,0.094
13:25:40.0489177,,kin1_1,4,-3,-12,No,No,Kin2_1,0.3843635,0.01131451,1.385383,0.5947778,-0.1373598,Tracked,kin3_1,0.041,-0.090,0.035,-0.165,0.037,0.094,0.013,0.278,0.032,0.115,0.124,0.009,0.037,0.037,0.129,-0.121,0.094
13:25:40.3051001,,kin1_1,3,-6,-11,No,No,Kin2_1,0.3815439,0.01388443,1.380082,0.5892376,-0.1119108,Tracked,kin3_1,0.041,-0.090,0.035,-0.165,0.037,0.094,0.013,0.278,0.032,0.115,0.124,0.009,0.037,0.037,0.129,-0.121,0.094
13:25:40.5612809,,kin1_1,4,-3,-12,No,No,Kin2_1,0.3797236,0.01465775,1.377846,0.5817868,-0.0961599,Tracked,kin3_1,0.041,-0.090,0.035,-0.165,0.037,0.094,0.013,0.278,0.032,0.115,0.124,0.009,0.037,0.037,0.129,-0.121,0.094
13:25:40.8244674,,kin1_1,4,-4,-12,Maybe,No,Kin2_1,0.37918,0.01442771,1.377671,0.5789073,-0.09475193,Tracked,kin3_1,0.102,-0.018,0.077,-0.294,0.117,0.025,0.034,0.128,0.073,0.015,0.110,0.018,0.019,0.022,0.192,-0.142,0.115
13:25:41.0716428,,kin1_1,2,-3,-12,No,No,Kin2_1,0.3785568,0.0143287,1.377326,0.57799,-0.09481603,Tracked,kin3_1,0.094,-0.029,0.059,-0.245,0.109,0.039,0.025,0.205,0.099,0.016,0.135,0.021,0.025,0.027,0.153,-0.181,0.113
13:25:41.3378310,,kin1_1,2,-4,-10,No,No,Kin2_1,0.3777673,0.01502144,1.375322,0.57799,-0.09481603,Tracked,kin3_1,0.080,-0.045,0.024,-0.213,0.066,0.065,0.020,0.245,0.099,0.027,0.155,0.007,0.039,0.032,0.038,-0.170,0.059
13:25:41.5990160,,kin1_1,3,-4,-12,No,No,Kin2_1,0.3770283,0.0156674,1.374534,0.57799,-0.09481603,Tracked,kin3_1,0.080,-0.045,0.024,-0.213,0.066,0.065,0.020,0.245,0.099,0.027,0.155,0.007,0.039,0.032,0.038,-0.170,0.059
13:25:41.8501939,,kin1_1,3,-5,-12,No,No,Kin2_1,0.3770681,0.01544935,1.375107,0.57799,-0.09481603,Tracked,kin3_1,0.080,-0.045,0.024,-0.213,0.066,0.065,0.020,0.245,0.099,0.027,0.155,0.007,0.039,0.032,0.038,-0.170,0.059
13:25:42.1023725,,kin1_1,4,-4,-13,No,No,Kin2_1,0.3775347,0.01440185,1.376899,0.57799,-0.09481603,Tracked,kin3_1,0.080,-0.045,0.024,-0.213,0.066,0.065,0.020,0.245,0.099,0.027,0.155,0.007,0.039,0.032,0.038,-0.170,0.059
13:25:42.3695618,,kin1_1,4,-2,-11,No,No,Kin2_1,0.3773249,0.01380599,1.378361,0.57799,-0.09481603,Tracked,kin3_1,0.080,-0.045,0.024,-0.213,0.066,0.065,0.020,0.245,0.099,0.027,0.155,0.007,0.039,0.032,0.038,-0.170,0.059
13:25:42.6327482,,kin1_1,3,-2,-12,No,No,Kin2_1,0.3772246,0.0136354,1.378667,0.57799,-0.09481603,Tracked,kin3_1,0.080,-0.045,0.024,-0.213,0.066,0.065,0.020,0.245,0.099,0.027,0.155,0.007,0.039,0.032,0.038,-0.170,0.059
13:25:42.8839265,,kin1_1,4,-4,-11,No,No,Kin2_1,0.3771582,0.01345875,1.378961,0.57799,-0.09481603,Tracked,kin3_1,0.080,-0.045,0.024,-0.213,0.066,0.065,0.020,0.245,0.099,0.027,0.155,0.007,0.039,0.032,0.038,-0.170,0.059
13:25:43.1481136,,kin1_1,3,-5,-9,No,No,Kin2_1,0.3767446,0.01341532,1.379192,0.57799,-0.09481603,Tracked,kin3_1,0.080,-0.045,0.024,-0.213,0.066,0.065,0.020,0.245,0.099,0.027,0.155,0.007,0.039,0.032,0.038,-0.170,0.059
13:25:43.4163032,,kin1_1,4,-3,-12,No,No,Kin2_1,0.3763573,0.01318509,1.3796,0.57799,-0.09481603,Tracked,kin3_1,0.080,-0.045,0.024,-0.213,0.066,0.065,0.020,0.245,0.099,0.027,0.155,0.007,0.039,0.032,0.038,-0.170,0.059
13:25:43.6804910,,kin1_1,4,-4,-10,No,No,Kin2_1,0.3755101,0.01283204,1.381206,0.57799,-0.09481603,Tracked,kin3_1,0.080,-0.045,0.024,-0.213,0.066,0.065,0.020,0.245,0.099,0.027,0.155,0.007,0.039,0.032,0.038,-0.170,0.059
13:25:43.9356718,,kin1_1,2,-2,-10,No,No,Kin2_1,0.3751095,0.01278748,1.381702,0.5748757,-0.09820829,Tracked,kin3_1,0.080,-0.045,0.024,-0.213,0.066,0.065,0.020,0.245,0.099,0.027,0.155,0.007,0.039,0.032,0.038,-0.170,0.059
13:25:44.1928754,,kin1_1,4,-3,-10,No,No,Kin2_1,0.374869,0.01281108,1.381716,0.5647984,-0.1081986,Tracked,kin3_1,0.080,-0.045,0.024,-0.213,0.066,0.065,0.020,0.245,0.099,0.027,0.155,0.007,0.039,0.032,0.038,-0.170,0.059
13:25:44.4460548,,kin1_1,5,-4,-11,No,No,Kin2_1,0.3742995,0.01245043,1.382341,0.5626647,-0.1097646,Tracked,kin3_1,0.080,-0.045,0.024,-0.213,0.066,0.065,0.020,0.245,0.099,0.027,0.155,0.007,0.039,0.032,0.038,-0.170,0.059
13:25:44.6987337,,kin1_1,3,-4,-11,No,No,Kin2_1,0.3739113,0.01217905,1.383981,0.5626647,-0.1097646,Tracked,kin3_1,0.080,-0.045,0.024,-0.213,0.066,0.065,0.020,0.245,0.099,0.027,0.155,0.007,0.039,0.032,0.038,-0.170,0.059
13:25:44.9619420,,kin1_1,4,-4,-10,No,No,Kin2_1,0.3733934,0.0117914,1.384895,0.5626647,-0.1097646,Tracked,kin3_1,0.080,-0.045,0.024,-0.213,0.066,0.065,0.020,0.245,0.099,0.027,0.155,0.007,0.039,0.032,0.038,-0.170,0.059
13:25:45.2281305,,kin1_1,3,-4,-10,No,No,Kin2_1,0.3730363,0.01151435,1.38573,0.557984,-0.1163783,Tracked,kin3_1,0.080,-0.045,0.024,-0.213,0.066,0.065,0.020,0.245,0.099,0.027,0.155,0.007,0.039,0.032,0.038,-0.170,0.059
13:25:45.4873144,,kin1_1,4,-1,-13,No,No,Kin2_1,0.3729895,0.01139364,1.385926,0.551743,-0.1257624,Tracked,kin3_1,0.080,-0.045,0.024,-0.213,0.066,0.065,0.020,0.245,0.099,0.027,0.155,0.007,0.039,0.032,0.038,-0.170,0.059
13:25:45.7384924,,kin1_1,2,-2,-10,No,No,Kin2_1,0.3725921,0.0112228,1.384789,0.5514835,-0.1255161,Tracked,kin3_1,0.080,-0.045,0.024,-0.213,0.066,0.065,0.020,0.245,0.099,0.027,0.155,0.007,0.039,0.032,0.038,-0.170,0.059
13:25:45.9896703,,kin1_1,0,0,-11,No,No,Kin2_1,0.3720182,0.01130602,1.383278,0.5514835,-0.1255161,Tracked,kin3_1,0.080,-0.045,0.024,-0.213,0.066,0.065,0.020,0.245,0.099,0.027,0.155,0.007,0.039,0.032,0.038,-0.170,0.059
13:25:46.2498542,,kin1_1,0,0,-10,No,No,Kin2_1,0.3720262,0.0114079,1.382122,0.5514835,-0.1255161,Tracked,kin3_1,0.080,-0.045,0.024,-0.213,0.066,0.065,0.020,0.245,0.099,0.027,0.155,0.007,0.039,0.032,0.038,-0.170,0.059
13:25:46.5015723,,kin1_1,0,0,-10,No,No,Kin2_1,0.3718514,0.01150641,1.381653,0.5514835,-0.1255161,Tracked,kin3_1,0.080,-0.045,0.024,-0.213,0.066,0.065,0.020,0.245,0.099,0.027,0.155,0.007,0.039,0.032,0.038,-0.170,0.059
13:25:46.7562527,,kin1_1,3,-1,-10,No,No,Kin2_1,0.3717944,0.0114394,1.381594,0.5514835,-0.1255161,Tracked,kin3_1,0.080,-0.045,0.024,-0.213,0.066,0.065,0.020,0.245,0.099,0.027,0.155,0.007,0.039,0.032,0.038,-0.170,0.059
13:25:47.0209408,,kin1_1,3,-3,-11,Maybe,No,Kin2_1,0.3717058,0.01134838,1.381786,0.5514835,-0.1255161,Tracked,kin3_1,0.080,-0.045,0.024,-0.213,0.066,0.065,0.020,0.245,0.099,0.027,0.155,0.007,0.039,0.032,0.038,-0.170,0.059
13:25:47.2721184,,kin1_1,4,-2,-12,No,No,Kin2_1,0.3715795,0.01134724,1.382184,0.5514835,-0.1255161,Tracked,kin3_1,0.080,-0.045,0.024,-0.213,0.066,0.065,0.020,0.245,0.099,0.027,0.155,0.007,0.039,0.032,0.038,-0.170,0.059
13:25:47.5227960,,kin1_1,3,-3,-11,No,No,Kin2_1,0.3715973,0.01132229,1.383079,0.5514835,-0.1255161,Tracked,kin3_1,0.080,-0.045,0.024,-0.213,0.066,0.065,0.020,0.245,0.099,0.027,0.155,0.007,0.039,0.032,0.038,-0.170,0.059
13:25:47.7804788,,kin1_1,4,-3,-11,No,No,Kin2_1,0.3715858,0.01140885,1.383387,0.5514835,-0.1255161,Tracked,kin3_1,0.080,-0.045,0.024,-0.213,0.066,0.065,0.020,0.245,0.099,0.027,0.155,0.007,0.039,0.032,0.038,-0.170,0.059
13:25:48.0401624,,kin1_1,4,-3,-11,No,No,Kin2_1,0.3715236,0.01185636,1.382978,0.5514835,-0.1255161,Tracked,kin3_1,0.080,-0.045,0.024,-0.213,0.066,0.065,0.020,0.245,0.099,0.027,0.155,0.007,0.039,0.032,0.038,-0.170,0.059
13:25:48.2873375,,kin1_1,2,-1,-12,No,No,Kin2_1,0.3735082,0.01396073,1.375733,0.5572981,-0.1015401,Tracked,kin3_1,0.080,-0.045,0.024,-0.213,0.066,0.065,0.020,0.245,0.099,0.027,0.155,0.007,0.039,0.032,0.038,-0.170,0.059
13:25:48.5420179,,kin1_1,0,0,-12,No,No,Kin2_1,0.3747997,0.01572025,1.369196,0.5680621,-0.06893682,Tracked,kin3_1,0.080,-0.045,0.024,-0.213,0.066,0.065,0.020,0.245,0.099,0.027,0.155,0.007,0.039,0.032,0.038,-0.170,0.059
13:25:48.7901937,,kin1_1,4,-3,-12,No,No,Kin2_1,0.3747661,0.01692874,1.366146,0.5701845,-0.05329137,Tracked,kin3_1,0.080,-0.045,0.024,-0.213,0.066,0.065,0.020,0.245,0.099,0.027,0.155,0.007,0.039,0.032,0.038,-0.170,0.059
13:25:49.0453748,,kin1_1,4,-2,-12,No,No,Kin2_1,0.3750281,0.01724311,1.365487,0.5701966,-0.05114632,Tracked,kin3_1,0.080,-0.045,0.024,-0.213,0.066,0.065,0.020,0.245,0.099,0.027,0.155,0.007,0.039,0.032,0.038,-0.170,0.059
13:25:49.2960520,,kin1_1,3,-2,-12,No,No,Kin2_1,0.3747876,0.01716289,1.365908,0.5704511,-0.0521208,Tracked,kin3_1,0.080,-0.045,0.024,-0.213,0.066,0.065,0.020,0.245,0.099,0.027,0.155,0.007,0.039,0.032,0.038,-0.170,0.059
13:25:49.5577371,,kin1_1,3,-2,-11,No,No,Kin2_1,0.3745244,0.01700959,1.36762,0.5704511,-0.0521208,Tracked,kin3_1,0.080,-0.045,0.024,-0.213,0.066,0.065,0.020,0.245,0.099,0.027,0.155,0.007,0.039,0.032,0.038,-0.170,0.059
13:25:49.8219248,,kin1_1,3,-3,-12,No,No,Kin2_1,0.3746429,0.01671644,1.368916,0.5704511,-0.0521208,Tracked,kin3_1,0.080,-0.045,0.024,-0.213,0.066,0.065,0.020,0.245,0.099,0.027,0.155,0.007,0.039,0.032,0.038,-0.170,0.059
13:25:50.0831102,,kin1_1,4,-1,-12,No,No,Kin2_1,0.3748037,0.01613851,1.370093,0.5691106,-0.06749282,Tracked,kin3_1,0.080,-0.045,0.024,-0.213,0.066,0.065,0.020,0.245,0.099,0.027,0.155,0.007,0.039,0.032,0.038,-0.170,0.059
13:25:50.3348997,,kin1_1,0,0,-11,No,No,Kin2_1,0.3740638,0.01585791,1.371377,0.5668257,-0.07750012,Tracked,kin3_1,0.080,-0.045,0.024,-0.213,0.066,0.065,0.020,0.245,0.099,0.027,0.155,0.007,0.039,0.032,0.038,-0.170,0.059
13:25:50.5880794,,kin1_1,3,-1,-11,No,No,Kin2_1,0.3730369,0.01533432,1.372165,0.5653651,-0.07933593,Tracked,kin3_1,0.080,-0.045,0.024,-0.213,0.066,0.065,0.020,0.245,0.099,0.027,0.155,0.007,0.039,0.032,0.038,-0.170,0.059
13:25:50.8462623,,kin1_1,3,-2,-11,No,No,Kin2_1,0.372576,0.01520227,1.372686,0.5653651,-0.07933593,Tracked,kin3_1,0.080,-0.045,0.024,-0.213,0.066,0.065,0.020,0.245,0.099,0.027,0.155,0.007,0.039,0.032,0.038,-0.170,0.059
13:25:51.1014664,,kin1_1,3,-1,-10,No,No,Kin2_1,0.3723463,0.01511371,1.372837,0.5653651,-0.07933593,Tracked,kin3_1,0.080,-0.045,0.024,-0.213,0.066,0.065,0.020,0.245,0.099,0.027,0.155,0.007,0.039,0.032,0.038,-0.170,0.059
13:25:51.3556458,,kin1_1,4,-2,-13,Maybe,No,Kin2_1,0.3725673,0.01496771,1.372847,0.5653651,-0.07933593,Tracked,kin3_1,0.080,-0.045,0.024,-0.213,0.066,0.065,0.020,0.245,0.099,0.027,0.155,0.007,0.039,0.032,0.038,-0.170,0.059
13:25:51.6173312,,kin1_1,4,0,-13,No,No,Kin2_1,0.3732841,0.01373825,1.373392,0.5653651,-0.07933593,Tracked,kin3_1,0.080,-0.045,0.024,-0.213,0.066,0.065,0.020,0.245,0.099,0.027,0.155,0.007,0.039,0.032,0.038,-0.170,0.059
13:25:51.8675084,,kin1_1,3,-2,-12,No,No,Kin2_1,0.3739896,0.01222316,1.375975,0.5649187,-0.08112275,Tracked,kin3_1,0.080,-0.045,0.024,-0.213,0.066,0.065,0.020,0.245,0.099,0.027,0.155,0.007,0.039,0.032,0.038,-0.170,0.059
13:25:52.1182081,,kin1_1,4,-4,-12,No,No,Kin2_1,0.3758808,0.007829538,1.384569,0.5614586,-0.1270076,Tracked,kin3_1,0.080,-0.045,0.024,-0.213,0.066,0.065,0.020,0.245,0.099,0.027,0.155,0.007,0.039,0.032,0.038,-0.170,0.059
13:25:52.3864241,,kin1_1,4,-1,-14,No,No,Kin2_1,0.3755082,0.006178028,1.388003,0.5576162,-0.1515271,Tracked,kin3_1,0.080,-0.045,0.024,-0.213,0.066,0.065,0.020,0.245,0.099,0.027,0.155,0.007,0.039,0.032,0.038,-0.170,0.059
13:25:52.6466404,,kin1_1,0,-2,-11,No,No,Kin2_1,0.3740315,0.006861251,1.386113,0.5510639,-0.1490198,Tracked,kin3_1,0.080,-0.045,0.024,-0.213,0.066,0.065,0.020,0.245,0.099,0.027,0.155,0.007,0.039,0.032,0.038,-0.170,0.059
13:25:52.8968173,,kin1_1,0,0,-12,No,No,Kin2_1,0.3731026,0.007618784,1.384069,0.547763,-0.1419292,Tracked,kin3_1,0.080,-0.045,0.024,-0.213,0.066,0.065,0.020,0.245,0.099,0.027,0.155,0.007,0.039,0.032,0.038,-0.170,0.059
13:25:53.1650070,,kin1_1,3,-2,-11,No,No,Kin2_1,0.3722313,0.01037078,1.379337,0.547763,-0.1419292,Tracked,kin3_1,0.080,-0.045,0.024,-0.213,0.066,0.065,0.020,0.245,0.099,0.027,0.155,0.007,0.039,0.032,0.038,-0.170,0.059
13:25:53.4151848,,kin1_1,3,-2,-11,No,No,Kin2_1,0.3718742,0.01299977,1.373951,0.549395,-0.1063218,Tracked,kin3_1,0.080,-0.045,0.024,-0.213,0.066,0.065,0.020,0.245,0.099,0.027,0.155,0.007,0.039,0.032,0.038,-0.170,0.059
13:25:53.6653614,,kin1_1,3,-3,-11,No,No,Kin2_1,0.3722817,0.01398007,1.372454,0.5516424,-0.09360382,Tracked,kin3_1,0.075,0.085,0.021,0.025,0.028,0.267,0.040,0.203,0.018,0.229,0.033,0.027,0.035,0.034,0.128,0.034,0.029
13:25:53.9275477,,kin1_1,3,-2,-13,No,No,Kin2_1,0.3733314,0.01459265,1.371169,0.5572035,-0.08430531,Tracked,kin3_1,0.027,0.028,0.000,-0.057,0.019,0.146,0.028,0.179,0.054,0.083,0.014,0.011,0.041,0.037,0.008,0.034,0.053
13:25:54.1787253,,kin1_1,3,-1,-12,No,No,Kin2_1,0.3734357,0.01474267,1.370664,0.5583814,-0.08084216,Tracked,kin3_1,0.046,0.019,0.050,-0.099,0.050,0.029,0.052,0.141,0.128,0.021,0.035,0.024,0.034,0.030,0.034,0.011,0.041
13:25:54.4359110,,kin1_1,0,0,-13,No,No,Kin2_1,0.3726787,0.01468018,1.370772,0.5578984,-0.08011973,Tracked,kin3_1,0.044,0.027,0.045,-0.107,0.034,0.040,0.034,0.156,0.125,0.027,0.028,0.019,0.050,0.044,0.080,0.010,0.076
13:25:54.6870857,,kin1_1,0,0,-12,No,Maybe,Kin2_1,0.3716157,0.01325906,1.37297,0.5578984,-0.08011973,Tracked,kin3_1,0.033,-0.011,0.035,-0.144,0.098,0.050,0.032,0.140,0.174,0.044,0.041,0.009,0.030,0.027,0.039,-0.108,0.063
13:25:54.9492711,,kin1_1,0,0,-11,No,No,Kin2_1,0.3706769,0.01160854,1.376694,0.5524828,-0.08828159,Tracked,kin3_1,0.030,-0.030,0.028,-0.118,0.088,0.117,0.031,0.188,0.200,0.076,0.035,0.010,0.042,0.040,0.010,-0.072,0.072
13:25:55.1974469,,kin1_1,2,-2,-12,Maybe,No,Kin2_1,0.3714595,0.01067423,1.379634,0.5482829,-0.110899,Tracked,kin3_1,0.021,-0.045,0.054,-0.088,0.076,0.017,0.020,0.145,0.164,0.054,0.062,0.009,0.033,0.034,0.056,-0.033,0.068
13:25:55.4476241,,kin1_1,0,0,-13,No,No,Kin2_1,0.3729668,0.01052246,1.378914,0.5530427,-0.1127402,Tracked,kin3_1,0.034,-0.046,0.072,-0.141,0.048,0.076,0.030,0.189,0.112,0.032,0.065,0.010,0.048,0.046,0.029,-0.045,0.053
13:25:55.6988021,,kin1_1,0,0,-12,No,No,Kin2_1,0.3747921,0.01111187,1.375559,0.5619563,-0.1020647,Tracked,kin3_1,0.027,-0.049,0.040,-0.191,0.137,0.046,0.046,0.119,0.156,0.035,0.048,0.017,0.042,0.022,0.036,-0.117,0.101
13:25:55.9619882,,kin1_1,1,-3,-10,No,No,Kin2_1,0.3754179,0.01213116,1.374061,0.5619563,-0.1020647,Tracked,kin3_1,0.026,-0.030,0.051,-0.207,0.113,0.035,0.053,0.124,0.175,0.042,0.031,0.015,0.000,0.000,0.041,-0.142,0.123
13:25:56.2161688,,kin1_1,4,-4,-11,No,No,Kin2_1,0.3754254,0.01318145,1.37301,0.5619563,-0.1020647,Tracked,kin3_1,0.055,-0.035,0.084,-0.167,0.024,0.047,0.023,0.143,0.147,0.026,0.061,0.014,0.000,0.000,0.088,-0.047,0.051
13:25:56.4783546,,kin1_1,5,-4,-11,No,No,Kin2_1,0.3760392,0.0134292,1.372573,0.5684541,-0.09174892,Tracked,kin3_1,0.098,-0.077,0.048,-0.177,0.051,0.036,0.025,0.133,0.089,0.042,0.108,0.011,0.033,0.030,0.138,-0.138,0.041
13:25:56.7455438,,kin1_1,5,-2,-10,No,No,Kin2_1,0.3787057,0.01448439,1.369955,0.5845638,-0.07864255,Tracked,kin3_1,0.111,-0.090,0.102,-0.097,0.033,0.043,0.022,0.154,0.064,0.047,0.158,0.011,0.023,0.021,0.048,-0.121,0.048
13:25:56.9907181,,kin1_1,3,-3,-10,No,No,Kin2_1,0.3826469,0.01572439,1.366473,0.6037146,-0.06271045,Tracked,kin3_1,0.067,-0.102,0.093,-0.085,0.094,0.026,0.028,0.149,0.097,0.076,0.138,0.010,0.042,0.035,0.050,-0.107,0.085
13:25:57.2408947,,kin1_1,6,-4,-10,No,No,Kin2_1,0.3842088,0.01628721,1.366079,0.6131417,-0.05821272,Tracked,kin3_1,0.058,-0.105,0.055,-0.115,0.068,0.040,0.020,0.141,0.083,0.099,0.139,0.010,0.035,0.029,0.033,-0.149,0.046
13:25:57.5060822,,kin1_1,5,-1,-8,No,No,Kin2_1,0.3855972,0.01648819,1.366747,0.6193684,-0.05910707,Tracked,kin3_1,0.044,-0.093,0.037,-0.138,0.102,0.074,0.021,0.189,0.168,0.064,0.105,0.006,0.038,0.031,0.026,-0.198,0.038
13:25:57.7552590,,kin1_1,3,2,-9,No,No,Kin2_1,0.3866657,0.01552301,1.368361,0.6239617,-0.06562752,Tracked,kin3_1,0.026,-0.068,0.045,-0.171,0.192,0.072,0.017,0.127,0.169,0.017,0.071,0.008,0.047,0.036,0.028,-0.266,0.074
13:25:58.0054362,,kin1_1,2,2,-10,No,No,Kin2_1,0.3868477,0.01376818,1.371756,0.6239617,-0.06562752,Tracked,kin3_1,0.002,-0.014,0.031,-0.091,0.152,0.025,0.036,0.129,0.216,0.038,0.047,0.007,0.085,0.070,0.022,-0.131,0.036
13:25:58.2556135,,kin1_1,3,1,-10,No,No,Kin2_1,0.3852196,0.01092644,1.37703,0.6183524,-0.09794167,Tracked,kin3_1,0.006,-0.041,0.020,-0.054,0.165,0.171,0.045,0.263,0.269,0.050,0.013,0.004,0.090,0.057,0.032,-0.151,0.042
13:25:58.5057903,,kin1_1,4,2,-9,No,No,Kin2_1,0.3849575,0.01014867,1.378552,0.612712,-0.1082024,Tracked,kin3_1,0.016,-0.065,0.038,-0.078,0.119,0.124,0.025,0.200,0.176,0.060,0.077,0.015,0.063,0.048,0.025,-0.137,0.048
13:25:58.7569683,,kin1_1,2,2,-11,No,No,Kin2_1,0.3864088,0.01063587,1.375097,0.616175,-0.1025264,Tracked,kin3_1,0.023,-0.055,0.043,-0.156,0.111,0.064,0.026,0.234,0.162,0.025,0.095,0.015,0.047,0.037,0.039,-0.129,0.095
13:25:59.0091469,,kin1_1,0,0,-11,No,No,Kin2_1,0.3880567,0.0114079,1.372117,0.616175,-0.1025264,Tracked,kin3_1,0.014,-0.037,0.043,-0.154,0.134,0.067,0.032,0.233,0.183,0.037,0.080,0.010,0.084,0.067,0.019,-0.105,0.138
13:25:59.2573230,,kin1_1,2,-3,-10,No,No,Kin2_1,0.3896957,0.01060377,1.372753,0.616175,-0.1025264,Tracked,kin3_1,0.000,-0.006,0.002,-0.250,0.154,0.062,0.050,0.185,0.208,0.036,0.027,0.006,0.057,0.041,0.008,-0.201,0.099
13:25:59.5085009,,kin1_1,4,0,-12,No,No,Kin2_1,0.3908732,0.009707954,1.375546,0.616175,-0.1025264,Tracked,kin3_1,0.002,-0.058,0.045,-0.086,0.089,0.135,0.047,0.294,0.242,0.148,0.056,0.007,0.120,0.108,0.009,-0.074,0.048
13:25:59.7626806,,kin1_1,3,-2,-12,No,No,Kin2_1,0.3909447,0.00979412,1.374968,0.6291811,-0.1060203,Tracked,kin3_1,0.022,-0.023,0.018,-0.124,0.052,0.032,0.030,0.154,0.137,0.031,0.054,0.011,0.023,0.022,0.010,-0.075,0.032
13:26:00.0168610,,kin1_1,0,0,-11,No,No,Kin2_1,0.3901363,0.01022124,1.373698,0.6293142,-0.10584,Tracked,kin3_1,0.031,-0.023,0.060,-0.103,0.067,0.047,0.023,0.130,0.165,0.077,0.059,0.011,0.037,0.042,0.032,-0.106,0.037
13:26:00.2770456,,kin1_1,4,0,-12,No,No,Kin2_1,0.3900073,0.01030646,1.373743,0.6282607,-0.1061851,Tracked,kin3_1,0.040,-0.052,0.085,-0.146,0.089,0.052,0.034,0.108,0.175,0.029,0.033,0.012,0.034,0.033,0.052,-0.150,0.049
13:26:00.5802604,,kin1_1,3,-2,-10,No,No,Kin2_1,0.3900637,0.0102186,1.374418,0.6282607,-0.1061851,Tracked,kin3_1,0.052,-0.015,0.080,-0.178,0.102,0.028,0.042,0.100,0.181,0.031,0.042,0.017,0.049,0.032,0.070,-0.130,0.063
13:26:00.8184288,,kin1_1,4,1,-12,No,No,Kin2_1,0.3891141,0.009179337,1.377148,0.6282607,-0.1061851,Tracked,kin3_1,0.024,-0.014,0.039,-0.172,0.109,0.046,0.035,0.109,0.166,0.041,0.028,0.008,0.037,0.037,0.024,-0.158,0.059
13:26:01.0676707,,kin1_1,4,2,-10,No,No,Kin2_1,0.3874687,0.007869013,1.381294,0.6154863,-0.1322758,Tracked,kin3_1,0.025,-0.022,0.029,-0.142,0.046,0.068,0.034,0.136,0.178,0.043,0.015,0.001,0.036,0.033,0.032,-0.138,0.045
13:26:01.3238714,,kin1_1,6,0,-11,No,No,Kin2_1,0.3856694,0.006565716,1.385129,0.6053857,-0.1515976,Tracked,kin3_1,0.019,-0.041,0.070,-0.082,0.118,0.041,0.026,0.138,0.206,0.050,0.051,0.007,0.028,0.026,0.044,-0.143,0.021
13:26:01.5740489,,kin1_1,6,0,-12,No,No,Kin2_1,0.3847324,0.005892641,1.387418,0.6012675,-0.1610925,Tracked,kin3_1,0.020,-0.053,0.069,-0.051,0.067,0.074,0.031,0.186,0.177,0.088,0.072,0.012,0.037,0.030,0.041,-0.032,0.036
13:26:01.8532467,,kin1_1,5,-1,-12,No,No,Kin2_1,0.3854746,0.00529746,1.388504,0.601956,-0.1648213,Tracked,kin3_1,0.004,-0.021,0.045,-0.032,0.089,0.045,0.030,0.146,0.198,0.109,0.036,0.011,0.044,0.042,0.024,0.020,0.071
13:26:02.1234381,,kin1_1,5,-1,-12,No,No,Kin2_1,0.3859499,0.005022363,1.389078,0.601956,-0.1648213,Tracked,kin3_1,0.022,-0.032,0.103,-0.111,0.142,0.039,0.027,0.161,0.236,0.080,0.045,0.015,0.041,0.038,0.051,-0.088,0.082
13:26:02.3921746,,kin1_1,7,-2,-12,No,No,Kin2_1,0.3860207,0.004807789,1.389726,0.601956,-0.1648213,Tracked,kin3_1,0.100,-0.042,0.012,-0.096,0.044,0.226,0.027,0.216,0.032,0.139,0.112,0.003,0.037,0.030,0.099,-0.121,0.030
13:26:02.6538600,,kin1_1,6,-1,-12,No,No,Kin2_1,0.3858926,0.004864573,1.389664,0.601956,-0.1648213,Tracked,kin3_1,0.087,-0.111,0.062,-0.093,0.099,0.050,0.022,0.164,0.086,0.065,0.160,0.011,0.039,0.024,0.076,-0.189,0.038
13:26:02.9155456,,kin1_1,5,-1,-11,No,No,Kin2_1,0.3849944,0.004983888,1.387589,0.601956,-0.1648213,Tracked,kin3_1,0.043,-0.070,0.029,-0.087,0.077,0.044,0.030,0.204,0.178,0.097,0.063,0.007,0.029,0.029,0.025,-0.120,0.038
13:26:03.1797559,,kin1_1,3,0,-12,No,No,Kin2_1,0.3841938,0.005762969,1.382086,0.6016948,-0.1631674,Tracked,kin3_1,0.000,-0.117,0.049,-0.156,0.218,0.140,0.033,0.256,0.239,0.175,0.070,0.006,0.028,0.029,0.019,-0.236,0.114
13:26:03.4494809,,kin1_1,2,5,-10,No,No,Kin2_1,0.3735251,0.009863516,1.371063,0.5763234,-0.1195025,Tracked,kin3_1,0.000,-0.101,0.049,-0.295,0.277,0.060,0.031,0.335,0.254,0.118,0.123,0.014,0.013,0.002,0.059,-0.428,0.247
13:26:03.7011598,,kin1_1,-3,12,-6,No,No,Kin2_1,0.3566129,0.0164215,1.358398,0.5244321,-0.0697035,Tracked,kin3_1,0.027,-0.124,0.040,-0.127,0.145,0.066,0.021,0.217,0.125,0.104,0.155,0.010,0.025,0.006,0.095,-0.336,0.150
13:26:03.9899111,,kin1_1,-2,12,-2,No,No,Kin2_1,0.3492256,0.02051547,1.353661,0.495756,-0.03845109,Tracked,kin3_1,0.033,-0.057,0.037,0.063,0.077,0.206,0.028,0.285,0.074,0.093,0.056,0.013,0.039,0.030,0.055,-0.103,0.110
13:26:04.2490947,,kin1_1,-2,11,-6,No,No,Kin2_1,0.354066,0.01832848,1.358503,0.5024173,-0.04877349,Tracked,kin3_1,0.039,-0.050,0.098,0.020,0.078,0.119,0.019,0.258,0.125,0.079,0.103,0.011,0.012,0.000,0.081,-0.175,0.095
13:26:04.5012734,,kin1_1,3,6,-6,No,No,Kin2_1,0.3611056,0.01484202,1.3666,0.5110882,-0.0599862,Tracked,kin3_1,0.030,-0.030,0.115,-0.109,0.104,0.032,0.040,0.181,0.176,0.090,0.063,0.000,0.046,0.031,0.009,-0.248,0.061
13:26:04.7534520,,kin1_1,0,0,-9,No,No,Kin2_1,0.3661893,0.01271098,1.37139,0.5339844,-0.08792241,Tracked,kin3_1,0.035,-0.053,0.030,-0.147,0.046,0.160,0.019,0.217,0.063,0.129,0.057,0.011,0.042,0.027,0.028,-0.182,0.036
13:26:05.0156374,,kin1_1,0,4,-11,No,No,Kin2_1,0.3699286,0.01066715,1.373804,0.5472937,-0.09721587,Tracked,kin3_1,0.012,-0.058,0.025,-0.075,0.049,0.236,0.020,0.239,0.033,0.160,0.041,0.006,0.037,0.036,0.028,-0.066,0.092
13:26:05.2668169,,kin1_1,2,2,-10,No,No,Kin2_1,0.374994,0.007726947,1.37621,0.5665103,-0.1097685,Tracked,kin3_1,0.052,-0.018,0.021,-0.152,0.042,0.217,0.034,0.198,0.047,0.097,0.033,0.014,0.059,0.050,0.026,-0.090,0.116
13:26:05.5169928,,kin1_1,3,0,-12,No,No,Kin2_1,0.3789207,0.004827426,1.379332,0.5808612,-0.1204467,Tracked,kin3_1,0.063,-0.023,0.025,-0.077,0.036,0.076,0.012,0.147,0.011,0.042,0.090,0.017,0.053,0.044,0.076,-0.036,0.047
13:26:05.7801793,,kin1_1,4,-1,-12,No,No,Kin2_1,0.3817845,0.003904912,1.381476,0.5929923,-0.1301562,Tracked,kin3_1,0.038,-0.024,0.054,-0.024,0.020,0.000,0.027,0.056,0.099,0.100,0.043,0.015,0.021,0.020,0.028,-0.003,0.036
13:26:06.0373614,,kin1_1,5,1,-10,No,No,Kin2_1,0.3819641,0.004210718,1.382395,0.5932001,-0.1360552,Tracked,kin3_1,0.022,-0.069,0.037,-0.130,0.096,0.056,0.028,0.114,0.144,0.107,0.025,0.002,0.051,0.037,0.026,-0.163,0.044
13:26:06.2935426,,kin1_1,2,3,-6,No,No,Kin2_1,0.3724521,0.008641791,1.380551,0.5751333,-0.133285,Tracked,kin3_1,0.014,-0.049,0.053,-0.204,0.146,0.034,0.035,0.205,0.211,0.105,0.041,0.017,0.043,0.039,0.061,-0.225,0.132
13:26:06.5477226,,kin1_1,0,6,-5,No,No,Kin2_1,0.3620791,0.01324038,1.377805,0.5278189,-0.1151069,Tracked,kin3_1,0.018,-0.085,0.035,-0.168,0.138,0.074,0.011,0.233,0.126,0.087,0.071,0.014,0.033,0.030,0.067,-0.253,0.144
13:26:06.8299225,,kin1_1,-1,6,-7,No,No,Kin2_1,0.3637587,0.01178562,1.373732,0.5173586,-0.1012023,Tracked,kin3_1,0.000,-0.058,0.030,-0.260,0.111,0.202,0.034,0.248,0.162,0.099,0.063,0.004,0.073,0.055,0.025,-0.284,0.108
13:26:07.0941100,,kin1_1,0,0,-8,No,No,Kin2_1,0.3727113,0.008378293,1.375354,0.5464506,-0.1071373,Tracked,kin3_1,0.044,-0.052,0.067,-0.126,0.139,0.114,0.020,0.072,0.083,0.059,0.103,0.010,0.035,0.013,0.027,-0.210,0.038
13:26:07.3483128,,kin1_1,1,-4,-8,No,No,Kin2_1,0.3736096,0.007685016,1.376206,0.5548326,-0.1111229,Tracked,kin3_1,0.024,-0.022,0.029,-0.190,0.151,0.173,0.052,0.082,0.081,0.042,0.038,0.003,0.035,0.034,0.029,-0.143,0.068
13:26:07.5989907,,kin1_1,0,0,-8,No,No,Kin2_1,0.3757335,0.007613213,1.375331,0.564339,-0.1113289,Tracked,kin3_1,0.019,-0.016,0.049,-0.123,0.094,0.151,0.036,0.142,0.130,0.037,0.052,0.014,0.100,0.088,0.042,-0.076,0.029
13:26:07.8511686,,kin1_1,0,0,-8,No,Maybe,Kin2_1,0.3804763,0.006272842,1.375493,0.581064,-0.1151902,Tracked,kin3_1,0.021,0.037,0.051,-0.080,0.013,0.227,0.057,0.098,0.009,0.203,0.101,0.037,0.152,0.138,0.071,-0.203,0.015
13:26:08.1043871,,kin1_1,3,-3,-9,No,No,Kin2_1,0.3812214,0.005553578,1.377649,0.583609,-0.1160506,Tracked,kin3_1,0.096,-0.004,0.088,-0.161,0.037,0.101,0.015,0.069,0.034,0.031,0.078,0.026,0.037,0.036,0.147,-0.086,0.028
13:26:08.3535636,,kin1_1,2,-3,-9,No,No,Kin2_1,0.3794217,0.005195431,1.381126,0.580555,-0.1219395,Tracked,kin3_1,0.106,-0.035,0.083,-0.136,0.107,0.046,0.025,0.077,0.046,0.030,0.125,0.024,0.054,0.041,0.165,-0.137,0.046
13:26:08.6167503,,kin1_1,0,0,-9,No,No,Kin2_1,0.3765822,0.00551555,1.381516,0.577707,-0.1224973,Tracked,kin3_1,0.054,-0.039,0.014,-0.185,0.131,0.044,0.013,0.132,0.190,0.032,0.048,0.015,0.038,0.036,0.028,-0.181,0.059
13:26:08.8709301,,kin1_1,0,0,-10,No,No,Kin2_1,0.3746506,0.005918827,1.380534,0.577707,-0.1224973,Tracked,kin3_1,0.008,-0.067,0.032,-0.101,0.161,0.059,0.024,0.168,0.194,0.048,0.060,0.004,0.047,0.033,0.030,-0.140,0.111
13:26:09.1211070,,kin1_1,2,-2,-10,No,No,Kin2_1,0.3727089,0.007180305,1.379444,0.5550077,-0.112675,Tracked,kin3_1,0.003,-0.107,0.029,-0.184,0.185,0.078,0.039,0.225,0.214,0.139,0.080,0.010,0.072,0.049,0.011,-0.215,0.141
13:26:09.3802915,,kin1_1,0,0,-10,No,No,Kin2_1,0.3710887,0.008806719,1.377882,0.5454041,-0.1035985,Tracked,kin3_1,0.009,-0.082,0.025,-0.237,0.121,0.214,0.022,0.286,0.109,0.104,0.086,0.005,0.075,0.065,0.033,-0.232,0.152
13:26:09.6314685,,kin1_1,0,0,-8,No,No,Kin2_1,0.3708749,0.01238143,1.370954,0.5486721,-0.08361004,Tracked,kin3_1,0.094,-0.047,0.051,-0.101,0.084,0.266,0.077,0.250,0.013,0.198,0.093,0.015,0.040,0.033,0.260,-0.051,0.124
13:26:09.8826470,,kin1_1,0,0,-9,No,No,Kin2_1,0.3732061,0.01690438,1.35767,0.5621889,-0.03622671,Tracked,kin3_1,0.088,-0.062,0.028,-0.111,0.046,0.233,0.023,0.248,0.020,0.128,0.088,0.008,0.031,0.038,0.173,-0.034,0.114
13:26:10.1348253,,kin1_1,-2,-2,-9,No,No,Kin2_1,0.3750544,0.01702036,1.35371,0.5707192,-0.02083561,Tracked,kin3_1,0.088,-0.062,0.028,-0.111,0.046,0.233,0.023,0.248,0.020,0.128,0.088,0.008,0.031,0.038,0.173,-0.034,0.114
13:26:10.3850025,,kin1_1,0,0,-9,No,No,Kin2_1,0.3746618,0.01612783,1.356745,0.5651181,-0.03202948,Tracked,kin3_1,0.088,-0.062,0.028,-0.111,0.046,0.233,0.023,0.248,0.020,0.128,0.088,0.008,0.031,0.038,0.173,-0.034,0.114
13:26:10.6461875,,kin1_1,0,0,-10,No,No,Kin2_1,0.3747847,0.01482209,1.360934,0.5646908,-0.03428912,Tracked,kin3_1,0.088,-0.062,0.028,-0.111,0.046,0.233,0.023,0.248,0.020,0.128,0.088,0.008,0.031,0.038,0.173,-0.034,0.114
13:26:10.8973658,,kin1_1,0,-2,-10,Maybe,No,Kin2_1,0.3749503,0.01438348,1.361423,0.5646908,-0.03428912,Tracked,kin3_1,0.088,-0.062,0.028,-0.111,0.046,0.233,0.023,0.248,0.020,0.128,0.088,0.008,0.031,0.038,0.173,-0.034,0.114
13:26:11.1625530,,kin1_1,2,-4,-11,No,No,Kin2_1,0.3765067,0.01324286,1.363458,0.5666252,-0.04312057,Tracked,kin3_1,0.088,-0.062,0.028,-0.111,0.046,0.233,0.023,0.248,0.020,0.128,0.088,0.008,0.031,0.038,0.173,-0.034,0.114
13:26:11.4307430,,kin1_1,1,-6,-11,No,No,Kin2_1,0.3794294,0.01138869,1.36848,0.5770816,-0.06778374,Tracked,kin3_1,0.088,-0.062,0.028,-0.111,0.046,0.233,0.023,0.248,0.020,0.128,0.088,0.008,0.031,0.038,0.173,-0.034,0.114
13:26:11.6799207,,kin1_1,2,-4,-11,No,No,Kin2_1,0.3794912,0.0113178,1.369056,0.5785345,-0.07139706,Tracked,kin3_1,0.088,-0.062,0.028,-0.111,0.046,0.233,0.023,0.248,0.020,0.128,0.088,0.008,0.031,0.038,0.173,-0.034,0.114
13:26:11.9300970,,kin1_1,0,-3,-12,No,No,Kin2_1,0.3787057,0.01144142,1.366777,0.5764914,-0.06737661,Tracked,kin3_1,0.088,-0.062,0.028,-0.111,0.046,0.233,0.023,0.248,0.020,0.128,0.088,0.008,0.031,0.038,0.173,-0.034,0.114
13:26:12.1982870,,kin1_1,1,-3,-12,No,No,Kin2_1,0.3774361,0.01025275,1.36788,0.5764914,-0.06737661,Tracked,kin3_1,0.088,-0.062,0.028,-0.111,0.046,0.233,0.023,0.248,0.020,0.128,0.088,0.008,0.031,0.038,0.173,-0.034,0.114
13:26:12.4604727,,kin1_1,3,-1,-9,No,No,Kin2_1,0.3671236,0.01016312,1.376822,0.5459977,-0.09400825,Tracked,kin3_1,0.088,-0.062,0.028,-0.111,0.046,0.233,0.023,0.248,0.020,0.128,0.088,0.008,0.031,0.038,0.173,-0.034,0.114
13:26:12.7106499,,kin1_1,3,4,-7,No,No,Kin2_1,0.3515524,0.01105214,1.378128,0.4830905,-0.115348,Tracked,kin3_1,0.156,0.144,0.105,-0.318,0.013,0.055,0.005,0.039,0.015,0.243,0.128,0.080,0.075,0.072,0.449,-0.101,0.062
13:26:12.9618281,,kin1_1,3,7,-5,No,No,Kin2_1,0.3418394,0.01235454,1.378293,0.4419779,-0.1217956,Tracked,kin3_1,0.117,0.013,0.026,0.119,0.031,0.136,0.016,0.186,0.065,0.130,0.104,0.043,0.054,0.053,0.346,0.031,0.047
13:26:13.2140064,,kin1_1,3,11,-6,No,No,Kin2_1,0.3412015,0.01187132,1.378869,0.4358999,-0.1298257,Tracked,kin3_1,0.078,-0.007,0.087,0.012,0.079,0.107,0.007,0.246,0.034,0.235,0.101,0.009,0.028,0.027,0.276,-0.219,0.065
13:26:13.4691872,,kin1_1,5,11,-5,No,No,Kin2_1,0.3420132,0.01042761,1.384271,0.4341318,-0.1448381,Tracked,kin3_1,0.075,0.047,0.129,0.018,0.014,0.321,0.000,0.351,0.029,0.275,0.051,0.015,0.017,0.024,0.317,-0.123,0.056
13:26:13.7193644,,kin1_1,6,8,-4,No,No,Kin2_1,0.34569,0.009162235,1.38936,0.4426271,-0.1634295,Tracked,kin3_1,0.066,0.019,0.001,0.064,0.030,0.142,0.025,0.314,0.021,0.288,0.027,0.019,0.044,0.039,0.189,-0.008,0.068
13:26:13.9835518,,kin1_1,7,8,-6,No,No,Kin2_1,0.3527335,0.008709881,1.391519,0.4693895,-0.1754138,Tracked,kin3_1,0.064,0.007,0.025,-0.008,0.102,0.144,0.012,0.359,0.051,0.221,0.037,0.013,0.044,0.029,0.076,-0.073,0.180
13:26:14.2407343,,kin1_1,6,9,-7,No,No,Kin2_1,0.3588666,0.01012635,1.389091,0.4992464,-0.1676545,Tracked,kin3_1,0.039,0.038,0.021,0.031,0.175,0.064,0.029,0.296,0.147,0.222,0.024,0.007,0.044,0.033,0.020,-0.051,0.190
13:26:14.4909109,,kin1_1,6,9,-6,No,No,Kin2_1,0.3663189,0.01032433,1.385071,0.5331066,-0.1579834,Tracked,kin3_1,0.079,-0.031,0.030,0.116,0.158,0.042,0.018,0.221,0.108,0.190,0.066,0.002,0.032,0.026,0.056,-0.056,0.123
13:26:14.7500945,,kin1_1,6,8,-7,No,No,Kin2_1,0.3704677,0.01044426,1.383801,0.5515798,-0.1534856,Tracked,kin3_1,0.075,-0.043,0.031,0.092,0.092,0.059,0.002,0.168,0.079,0.151,0.043,0.010,0.023,0.024,0.024,-0.055,0.071
13:26:15.0062766,,kin1_1,7,6,-8,No,No,Kin2_1,0.374929,0.01063689,1.38292,0.5666926,-0.1515851,Tracked,kin3_1,0.058,-0.080,0.092,0.091,0.045,0.084,0.019,0.232,0.076,0.220,0.106,0.009,0.038,0.030,0.052,-0.030,0.120
13:26:15.2564525,,kin1_1,6,7,-9,No,No,Kin2_1,0.3770122,0.01050988,1.38217,0.5758374,-0.1503119,Tracked,kin3_1,0.040,-0.038,0.061,0.084,0.043,0.000,0.025,0.118,0.131,0.234,0.036,0.019,0.020,0.020,0.056,0.084,0.087
13:26:15.5066307,,kin1_1,7,8,-9,No,No,Kin2_1,0.3780513,0.01044652,1.381676,0.5803952,-0.1495857,Tracked,kin3_1,0.065,-0.092,0.128,0.021,0.028,0.059,0.024,0.234,0.099,0.255,0.076,0.012,0.028,0.025,0.107,-0.014,0.085
13:26:15.7578086,,kin1_1,7,3,-10,No,No,Kin2_1,0.3801363,0.009855331,1.381725,0.5903563,-0.1532676,Tracked,kin3_1,0.060,-0.099,0.138,-0.108,0.056,0.029,0.019,0.233,0.098,0.168,0.126,0.014,0.032,0.024,0.148,-0.195,0.119
