15:46:04.4836819,,kin1_1,1,-5,5,No,No,Kin2_1,-0.1329073,0.1732904,1.238456,-0.005197674,0.1797388,Tracked,kin3_1,0.000,-0.059,0.000,0.360,0.411,0.032,0.256,0.263,0.422,0.442,0.000,0.000,0.000,0.000,0.001,0.227,0.566
15:46:04.7628798,,kin1_1,-3,-6,4,No,No,Kin2_1,-0.1306129,0.1700952,1.239651,-0.001766846,0.1653399,Tracked,kin3_1,0.000,0.021,0.000,0.337,0.679,0.022,0.255,0.265,0.456,0.378,0.000,0.000,0.000,0.000,0.003,0.184,0.893
15:46:05.0466217,,kin1_1,-5,-6,4,No,No,Kin2_1,-0.1288123,0.1664107,1.239576,0.002008043,0.1586687,Tracked,kin3_1,0.000,0.025,0.000,0.335,0.715,0.009,0.306,0.261,0.532,0.336,0.000,0.000,0.000,0.005,0.000,0.201,0.905
15:46:05.3348260,,kin1_1,-9,11,4,No,Yes,Kin2_1,-0.131623,0.1641144,1.238413,-0.003842287,0.1549678,Tracked,kin3_1,0.000,-0.007,0.013,0.172,0.647,0.086,0.382,0.309,0.661,0.338,0.000,0.000,0.000,0.002,0.003,0.094,0.838
15:46:05.5890066,,kin1_1,-11,20,2,No,Yes,Kin2_1,-0.1343451,0.1633441,1.234144,-0.003842287,0.1549678,Tracked,kin3_1,0.000,-0.077,0.041,0.232,0.510,0.116,0.061,0.334,0.313,0.111,0.000,0.000,0.004,0.018,0.012,0.149,0.631
15:46:05.8511921,,kin1_1,-10,16,2,No,No,Kin2_1,-0.1352641,0.1626865,1.230103,-0.01844741,0.1620594,Tracked,kin3_1,0.000,-0.090,0.039,0.341,0.430,0.116,0.025,0.334,0.301,0.143,0.000,0.000,0.000,0.018,0.020,0.205,0.527
15:46:06.1168808,,kin1_1,-8,10,1,No,No,Kin2_1,-0.1378132,0.1639971,1.228681,-0.03037901,0.1688091,Tracked,kin3_1,0.000,-0.121,0.035,0.361,0.583,0.221,0.028,0.454,0.337,0.259,0.000,0.000,0.000,0.000,0.000,0.149,0.689
15:46:06.3880728,,kin1_1,-9,8,2,No,Maybe,Kin2_1,-0.1385992,0.1648302,1.228315,-0.03160124,0.1697167,Tracked,kin3_1,0.000,-0.057,0.006,0.323,0.589,0.253,0.079,0.451,0.465,0.239,0.000,0.000,0.000,0.000,0.012,0.112,0.686
15:46:06.6392518,,kin1_1,-8,5,2,No,No,Kin2_1,-0.1385927,0.165077,1.228319,-0.03160124,0.1697167,Tracked,kin3_1,0.000,-0.131,0.003,0.348,0.586,0.101,0.112,0.372,0.408,0.288,0.000,0.000,0.000,0.002,0.002,0.203,0.785
15:46:06.9004360,,kin1_1,-8,3,2,No,No,Kin2_1,-0.1382879,0.1648831,1.228964,-0.03160124,0.1697167,Tracked,kin3_1,0.000,-0.177,0.001,0.308,0.558,0.087,0.103,0.368,0.393,0.292,0.000,0.000,0.000,0.000,0.004,0.176,0.807
15:46:07.1651500,,kin1_1,-8,1,2,No,No,Kin2_1,-0.1383223,0.1643604,1.229756,-0.03160124,0.1697167,Tracked,kin3_1,0.000,-0.161,0.000,0.347,0.596,0.009,0.094,0.358,0.436,0.293,0.000,0.000,0.000,0.000,0.000,0.228,0.769
15:46:07.4503486,,kin1_1,-9,2,2,No,No,Kin2_1,-0.1404177,0.1636814,1.230652,-0.03160124,0.1697167,Tracked,kin3_1,0.000,-0.187,0.001,0.380,0.357,0.077,0.139,0.362,0.385,0.277,0.000,0.000,0.000,0.005,0.010,0.230,0.597
15:46:07.7280689,,kin1_1,-8,4,3,No,No,Kin2_1,-0.1434587,0.163499,1.230899,-0.03160124,0.1697167,Tracked,kin3_1,0.000,-0.161,0.005,0.265,0.334,0.032,0.108,0.316,0.337,0.292,0.000,0.000,0.000,0.004,0.022,0.169,0.708
15:46:07.9902737,,kin1_1,-8,1,2,No,No,Kin2_1,-0.1443387,0.1634177,1.23067,-0.03160124,0.1697167,Tracked,kin3_1,0.000,-0.138,0.006,0.282,0.268,0.045,0.157,0.277,0.347,0.298,0.000,0.000,0.000,0.004,0.011,0.246,0.686
15:46:08.2514592,,kin1_1,-8,4,3,Maybe,No,Kin2_1,-0.145162,0.1639725,1.229571,-0.03160124,0.1697167,Tracked,kin3_1,0.000,-0.143,0.002,0.323,0.345,0.025,0.046,0.250,0.282,0.263,0.000,0.000,0.000,0.006,0.013,0.257,0.668
15:46:08.5016360,,kin1_1,-4,-1,1,No,No,Kin2_1,-0.1453709,0.1647275,1.229115,-0.03160124,0.1697167,Tracked,kin3_1,0.000,-0.127,0.000,0.570,0.096,0.006,0.078,0.190,0.296,0.358,0.000,0.000,0.000,0.004,0.018,0.356,0.366
15:46:08.7558165,,kin1_1,1,-6,0,No,Maybe,Kin2_1,-0.1439613,0.1664769,1.232199,-0.03160124,0.1697167,Tracked,kin3_1,0.000,-0.042,0.000,0.416,0.217,0.047,0.201,0.187,0.329,0.427,0.000,0.000,0.000,0.000,0.013,0.257,0.337
15:46:09.0059942,,kin1_1,2,-12,-3,No,Yes,Kin2_1,-0.1393901,0.1678391,1.239624,-0.02867596,0.1655105,Tracked,kin3_1,0.000,0.065,0.000,0.404,0.633,0.024,0.282,0.212,0.495,0.344,0.000,0.000,0.000,0.000,0.000,0.265,0.750
15:46:09.2561712,,kin1_1,1,-16,-6,No,Maybe,Kin2_1,-0.1338751,0.1669516,1.243932,-0.006712887,0.1467364,Tracked,kin3_1,0.000,0.010,0.000,0.375,0.521,0.056,0.446,0.353,0.651,0.238,0.000,0.000,0.000,0.003,0.005,0.179,0.581
15:46:09.5073500,,kin1_1,0,-19,-7,No,No,Kin2_1,-0.1289282,0.1647108,1.2467,0.0133489,0.1387129,Tracked,kin3_1,0.000,-0.042,0.010,0.376,0.570,0.023,0.213,0.277,0.437,0.092,0.000,0.000,0.000,0.020,0.000,0.301,0.680
15:46:09.7585277,,kin1_1,-1,-21,-8,No,No,Kin2_1,-0.125894,0.1631982,1.247518,0.02397409,0.1341282,Tracked,kin3_1,0.000,-0.036,0.005,0.380,0.563,0.006,0.171,0.265,0.387,0.054,0.000,0.000,0.000,0.021,0.004,0.328,0.688
15:46:10.0087041,,kin1_1,-4,-20,-7,No,No,Kin2_1,-0.1233825,0.1622555,1.244649,0.03107475,0.1361555,Tracked,kin3_1,0.000,-0.010,0.004,0.271,0.552,0.006,0.180,0.298,0.411,0.067,0.000,0.000,0.000,0.023,0.005,0.293,0.707
15:46:10.2708906,,kin1_1,-10,-20,-5,No,Yes,Kin2_1,-0.1214387,0.1623466,1.239867,0.03494156,0.144073,Tracked,kin3_1,0.000,-0.008,0.005,0.275,0.597,0.003,0.221,0.315,0.459,0.066,0.000,0.000,0.000,0.031,0.003,0.300,0.758
15:46:10.5210680,,kin1_1,-6,-13,-6,No,Maybe,Kin2_1,-0.1196483,0.1624302,1.237639,0.03494156,0.144073,Tracked,kin3_1,0.000,0.059,0.000,0.365,0.598,0.009,0.587,0.394,0.759,0.135,0.000,0.000,0.000,0.003,0.000,0.298,0.846
15:46:10.7722458,,kin1_1,-6,-13,-5,No,Maybe,Kin2_1,-0.1189176,0.1624081,1.235991,0.03494156,0.144073,Tracked,kin3_1,0.000,0.029,0.000,0.343,0.597,0.022,0.670,0.384,0.814,0.139,0.000,0.000,0.000,0.002,0.009,0.254,0.824
15:46:11.0234245,,kin1_1,-8,-11,-3,No,Maybe,Kin2_1,-0.1200219,0.1623625,1.234695,0.03494156,0.144073,Tracked,kin3_1,0.000,-0.017,0.000,0.322,0.638,0.016,0.613,0.422,0.787,0.173,0.000,0.000,0.000,0.006,0.014,0.245,0.871
15:46:11.2736009,,kin1_1,-7,-11,-3,No,No,Kin2_1,-0.1233019,0.1622425,1.232927,0.03494156,0.144073,Tracked,kin3_1,0.000,-0.002,0.000,0.377,0.620,0.015,0.525,0.332,0.722,0.155,0.000,0.000,0.000,0.001,0.009,0.217,0.824
15:46:11.5377895,,kin1_1,-9,-8,-3,No,No,Kin2_1,-0.1266952,0.1621403,1.231254,0.02289544,0.1603379,Tracked,kin3_1,0.000,0.022,0.000,0.324,0.659,0.016,0.446,0.402,0.710,0.178,0.000,0.000,0.000,0.007,0.013,0.242,0.893
15:46:11.7879662,,kin1_1,-7,-10,-3,No,No,Kin2_1,-0.1291574,0.162048,1.229843,0.0156951,0.1633295,Tracked,kin3_1,0.000,0.066,0.000,0.375,0.673,0.015,0.472,0.333,0.730,0.172,0.000,0.000,0.000,0.002,0.000,0.224,0.788
15:46:12.0391446,,kin1_1,-9,-27,-4,Unknown,Unknown,Kin2_1,-0.1298889,0.1620107,1.229648,0.0156951,0.1633295,Tracked,kin3_1,0.000,0.054,0.000,0.352,0.694,0.020,0.439,0.311,0.692,0.257,0.000,0.000,0.000,0.000,0.000,0.190,0.780
15:46:12.2903227,,kin1_1,-8,-7,-3,No,No,Kin2_1,-0.130042,0.1619062,1.229764,0.0156951,0.1633295,Tracked,kin3_1,0.000,0.039,0.000,0.387,0.718,0.021,0.366,0.324,0.643,0.271,0.000,0.000,0.000,0.003,0.000,0.204,0.804
15:46:12.5405010,,kin1_1,-7,-9,-3,No,No,Kin2_1,-0.1301492,0.1618344,1.23004,0.0156951,0.1633295,Tracked,kin3_1,0.000,0.059,0.000,0.356,0.691,0.011,0.429,0.304,0.696,0.270,0.000,0.000,0.000,0.004,0.002,0.198,0.785
15:46:12.7906771,,kin1_1,-6,-10,-3,No,No,Kin2_1,-0.1299711,0.1619799,1.23078,0.0156951,0.1633295,Tracked,kin3_1,0.000,-0.016,0.000,0.377,0.642,0.034,0.359,0.406,0.581,0.276,0.000,0.000,0.000,0.003,0.002,0.222,0.794
15:46:13.0538637,,kin1_1,-7,-9,-2,No,Maybe,Kin2_1,-0.1300244,0.1619358,1.231331,0.0156951,0.1633295,Tracked,kin3_1,0.000,0.056,0.000,0.373,0.700,0.004,0.447,0.261,0.682,0.275,0.000,0.000,0.000,0.007,0.000,0.232,0.826
15:46:13.3040414,,kin1_1,-6,-10,-3,Maybe,Maybe,Kin2_1,-0.1303848,0.1619133,1.231733,0.0156951,0.1633295,Tracked,kin3_1,0.000,0.013,0.000,0.398,0.713,0.021,0.362,0.367,0.652,0.293,0.000,0.000,0.000,0.005,0.010,0.215,0.827
15:46:13.5552188,,kin1_1,-5,-3,-4,Maybe,No,Kin2_1,-0.1305293,0.1619753,1.231732,0.0156951,0.1633295,Tracked,kin3_1,0.000,0.010,0.000,0.414,0.595,0.028,0.399,0.380,0.615,0.269,0.000,0.000,0.000,0.005,0.006,0.285,0.660
15:46:13.8194061,,kin1_1,-3,-11,-7,No,No,Kin2_1,-0.1299438,0.1621757,1.233548,0.0156951,0.1633295,Tracked,kin3_1,0.000,-0.015,0.000,0.438,0.669,0.018,0.480,0.402,0.707,0.283,0.000,0.000,0.000,0.000,0.010,0.262,0.813
15:46:14.0715856,,kin1_1,-1,-13,-6,No,No,Kin2_1,-0.1297257,0.1624115,1.23647,0.0156951,0.1633295,Tracked,kin3_1,0.000,-0.038,0.003,0.605,0.443,0.034,0.487,0.332,0.694,0.247,0.000,0.000,0.000,0.008,0.003,0.334,0.253
15:46:14.3217626,,kin1_1,7,-16,-4,No,Yes,Kin2_1,-0.1316131,0.1650622,1.24234,0.0156951,0.1633295,Tracked,kin3_1,0.000,-0.019,0.001,0.490,0.249,0.021,0.465,0.199,0.629,0.320,0.000,0.000,0.000,0.004,0.001,0.292,0.167
15:46:14.5869506,,kin1_1,23,-25,-8,Unknown,Unknown,Kin2_1,-0.1365798,0.171217,1.251469,0.00650103,0.1389724,Tracked,kin3_1,0.000,-0.147,0.028,0.671,0.559,0.071,0.037,0.344,0.386,0.320,0.022,0.000,0.000,0.029,0.004,0.379,0.627
15:46:14.8491362,,kin1_1,27,-30,-10,Unknown,Unknown,Kin2_1,-0.1365817,0.1709155,1.253461,0.007507376,0.1359739,Tracked,kin3_1,0.000,-0.248,0.035,0.927,0.640,0.032,0.026,0.555,0.671,0.081,0.022,0.000,0.000,0.028,0.000,0.540,0.700
15:46:15.1003146,,kin1_1,24,-33,-12,Unknown,Unknown,Kin2_1,-0.1343488,0.1704751,1.252788,0.007507376,0.1359739,Tracked,kin3_1,0.000,-0.116,0.018,0.617,0.492,0.018,0.034,0.408,0.510,0.076,0.008,0.000,0.000,0.030,0.015,0.453,0.600
15:46:15.3514923,,kin1_1,14,-25,-9,Unknown,Unknown,Kin2_1,-0.1305304,0.1704502,1.250009,0.007507376,0.1359739,Tracked,kin3_1,0.000,-0.058,0.008,0.452,0.629,0.001,0.082,0.355,0.443,0.162,0.000,0.000,0.000,0.023,0.012,0.371,0.815
15:46:15.6016700,,kin1_1,8,-16,-7,No,No,Kin2_1,-0.1284528,0.1708827,1.247884,0.01389374,0.1411123,Tracked,kin3_1,0.000,-0.015,0.006,0.357,0.573,0.009,0.119,0.285,0.381,0.213,0.000,0.000,0.000,0.019,0.002,0.333,0.736
15:46:15.8528478,,kin1_1,5,-14,-9,No,No,Kin2_1,-0.1277089,0.1705043,1.246547,0.02092613,0.1492493,Tracked,kin3_1,0.000,0.000,0.000,0.457,0.669,0.028,0.219,0.436,0.602,0.285,0.000,0.000,0.000,0.000,0.009,0.200,0.867
15:46:16.1030255,,kin1_1,2,-14,-9,No,No,Kin2_1,-0.127609,0.1702328,1.244751,0.02026873,0.1500595,Tracked,kin3_1,0.000,-0.069,0.000,0.393,0.710,0.047,0.131,0.508,0.522,0.351,0.000,0.000,0.000,0.000,0.008,0.208,0.848
15:46:16.3532022,,kin1_1,1,-11,-11,No,Maybe,Kin2_1,-0.1274198,0.1702177,1.24134,0.02026873,0.1500595,Tracked,kin3_1,0.000,0.026,0.000,0.388,0.716,0.021,0.201,0.472,0.594,0.281,0.000,0.000,0.000,0.000,0.015,0.206,0.889
15:46:16.6043813,,kin1_1,-1,-15,-9,Maybe,No,Kin2_1,-0.125823,0.1704984,1.237382,0.02026873,0.1500595,Tracked,kin3_1,0.000,0.034,0.002,0.367,0.688,0.012,0.302,0.477,0.672,0.288,0.000,0.000,0.000,0.000,0.002,0.225,0.888
15:46:16.8545580,,kin1_1,-2,-12,-8,No,No,Kin2_1,-0.123795,0.1709932,1.235485,0.02114655,0.1547501,Tracked,kin3_1,0.000,0.035,0.000,0.278,0.694,0.009,0.276,0.487,0.689,0.238,0.000,0.000,0.000,0.000,0.000,0.176,0.889
15:46:17.1177446,,kin1_1,-5,-15,-8,Maybe,Maybe,Kin2_1,-0.1230931,0.1710428,1.234413,0.02559058,0.1694737,Tracked,kin3_1,0.000,0.009,0.000,0.304,0.721,0.011,0.299,0.413,0.638,0.234,0.000,0.000,0.000,0.006,0.010,0.162,0.878
15:46:17.3689233,,kin1_1,-4,-5,-7,No,No,Kin2_1,-0.1235519,0.1706974,1.233975,0.02569287,0.1695823,Tracked,kin3_1,0.000,0.050,0.000,0.304,0.703,0.017,0.359,0.444,0.695,0.231,0.000,0.000,0.000,0.006,0.000,0.184,0.909
15:46:17.6201004,,kin1_1,-5,-9,-6,Maybe,No,Kin2_1,-0.1240672,0.1705526,1.231091,0.02569287,0.1695823,Tracked,kin3_1,0.000,0.035,0.000,0.306,0.688,0.019,0.415,0.516,0.697,0.241,0.000,0.000,0.000,0.000,0.006,0.185,0.888
15:46:17.8702784,,kin1_1,-5,-11,-6,Maybe,No,Kin2_1,-0.1219475,0.1704008,1.22422,0.02611441,0.1712323,Tracked,kin3_1,0.000,-0.005,0.000,0.244,0.701,0.021,0.453,0.495,0.719,0.204,0.000,0.000,0.000,0.003,0.003,0.160,0.906
15:46:18.1334650,,kin1_1,-6,-14,-4,Maybe,No,Kin2_1,-0.120189,0.1707521,1.219949,0.03324365,0.1953556,Tracked,kin3_1,0.000,0.031,0.000,0.289,0.686,0.000,0.426,0.387,0.662,0.160,0.000,0.000,0.000,0.003,0.007,0.181,0.939
15:46:18.3966522,,kin1_1,-6,-11,-3,No,No,Kin2_1,-0.1201632,0.1708295,1.217272,0.03402188,0.2040451,Tracked,kin3_1,0.000,-0.009,0.000,0.380,0.647,0.028,0.507,0.400,0.697,0.224,0.000,0.000,0.000,0.006,0.011,0.232,0.805
15:46:18.6478294,,kin1_1,-3,-6,-7,No,No,Kin2_1,-0.1197579,0.1709022,1.217705,0.03635929,0.2147887,Tracked,kin3_1,0.000,0.038,0.000,0.400,0.564,0.016,0.349,0.305,0.605,0.262,0.000,0.000,0.000,0.000,0.000,0.267,0.582
15:46:18.9140184,,kin1_1,-3,-11,-4,Maybe,No,Kin2_1,-0.1189607,0.1713115,1.219595,0.03619372,0.212643,Tracked,kin3_1,0.000,0.029,0.000,0.383,0.457,0.023,0.376,0.358,0.617,0.256,0.000,0.000,0.000,0.003,0.005,0.296,0.493
15:46:19.1651968,,kin1_1,1,-7,-5,No,No,Kin2_1,-0.1196272,0.1708324,1.222758,0.03619372,0.212643,Tracked,kin3_1,0.000,0.053,0.000,0.389,0.500,0.013,0.299,0.255,0.639,0.294,0.000,0.000,0.000,0.000,0.000,0.255,0.462
15:46:19.4283840,,kin1_1,1,-7,-4,No,No,Kin2_1,-0.1216294,0.1711114,1.227374,0.03810541,0.1845475,Tracked,kin3_1,0.000,0.022,0.000,0.359,0.878,0.028,0.260,0.283,0.590,0.347,0.000,0.000,0.000,0.003,0.002,0.132,0.944
15:46:19.6785598,,kin1_1,0,-7,-2,No,Maybe,Kin2_1,-0.1240728,0.1724141,1.229806,0.02353764,0.1872166,Tracked,kin3_1,0.000,0.014,0.000,0.339,0.475,0.027,0.271,0.204,0.508,0.387,0.000,0.000,0.000,0.002,0.001,0.196,0.615
15:46:19.9287381,,kin1_1,-1,-6,-3,No,No,Kin2_1,-0.1252118,0.1721818,1.231181,0.01702606,0.1801261,Tracked,kin3_1,0.000,0.051,0.000,0.365,0.509,0.032,0.273,0.216,0.483,0.343,0.000,0.000,0.000,0.003,0.004,0.298,0.689
15:46:20.1799156,,kin1_1,-2,-6,-1,No,No,Kin2_1,-0.1252999,0.1713597,1.232082,0.01624386,0.1756099,Tracked,kin3_1,0.000,0.042,0.000,0.329,0.527,0.024,0.274,0.231,0.509,0.320,0.000,0.000,0.000,0.000,0.003,0.253,0.646
15:46:20.4320950,,kin1_1,-10,-6,-4,No,Yes,Kin2_1,-0.1244721,0.170141,1.233269,0.01778485,0.1717155,Tracked,kin3_1,0.000,0.065,0.000,0.341,0.656,0.025,0.254,0.272,0.504,0.280,0.000,0.000,0.000,0.001,0.000,0.233,0.727
15:46:20.6812717,,kin1_1,-2,-3,-2,No,Yes,Kin2_1,-0.1235837,0.1684346,1.234825,0.01835589,0.1692017,Tracked,kin3_1,0.000,-0.001,0.000,0.381,0.695,0.020,0.334,0.298,0.560,0.282,0.000,0.000,0.000,0.000,0.000,0.214,0.777
15:46:20.9324501,,kin1_1,-3,-9,-4,No,No,Kin2_1,-0.1228802,0.1671081,1.236444,0.01835589,0.1692017,Tracked,kin3_1,0.000,0.028,0.000,0.303,0.699,0.020,0.322,0.353,0.624,0.247,0.000,0.000,0.000,0.002,0.000,0.166,0.796
15:46:21.1846282,,kin1_1,-10,-9,-3,Maybe,No,Kin2_1,-0.1219662,0.1664189,1.237983,0.01835589,0.1692017,Tracked,kin3_1,0.000,0.012,0.000,0.323,0.720,0.026,0.301,0.335,0.575,0.281,0.000,0.000,0.000,0.000,0.000,0.146,0.762
15:46:21.4348056,,kin1_1,-5,-9,-2,Maybe,No,Kin2_1,-0.1214762,0.1659942,1.238303,0.01835589,0.1692017,Tracked,kin3_1,0.000,0.040,0.000,0.372,0.706,0.017,0.321,0.333,0.569,0.271,0.000,0.000,0.000,0.000,0.000,0.169,0.786
15:46:21.6849829,,kin1_1,-6,-9,-2,Maybe,No,Kin2_1,-0.121302,0.1656018,1.238402,0.01835589,0.1692017,Tracked,kin3_1,0.000,0.001,0.000,0.360,0.698,0.015,0.346,0.302,0.579,0.263,0.000,0.000,0.000,0.003,0.000,0.205,0.744
15:46:21.9461684,,kin1_1,-5,-7,-4,No,No,Kin2_1,-0.1216504,0.1652519,1.238251,0.01835589,0.1692017,Tracked,kin3_1,0.000,0.025,0.000,0.369,0.684,0.008,0.433,0.301,0.658,0.258,0.000,0.000,0.000,0.001,0.000,0.131,0.752
15:46:22.1963448,,kin1_1,-5,-7,-3,No,No,Kin2_1,-0.1219266,0.1650102,1.237637,0.01835589,0.1692017,Tracked,kin3_1,0.000,0.040,0.000,0.371,0.736,0.021,0.407,0.305,0.650,0.286,0.000,0.000,0.000,0.005,0.000,0.173,0.752
15:46:22.4585311,,kin1_1,-6,-10,-2,No,No,Kin2_1,-0.1230062,0.1651433,1.236078,0.01835589,0.1692017,Tracked,kin3_1,0.000,0.035,0.000,0.367,0.712,0.015,0.380,0.329,0.656,0.302,0.000,0.000,0.000,0.004,0.000,0.195,0.810
15:46:22.7107102,,kin1_1,-6,-7,-2,No,No,Kin2_1,-0.1238751,0.1652083,1.234069,0.01835589,0.1692017,Tracked,kin3_1,0.000,0.046,0.000,0.354,0.682,0.018,0.440,0.297,0.692,0.297,0.000,0.000,0.000,0.004,0.000,0.164,0.748
15:46:22.9618886,,kin1_1,-6,-7,-2,Maybe,No,Kin2_1,-0.1246304,0.1651285,1.233222,0.01835589,0.1692017,Tracked,kin3_1,0.000,0.034,0.000,0.308,0.664,0.021,0.406,0.315,0.606,0.296,0.000,0.000,0.000,0.000,0.000,0.186,0.787
15:46:23.2130663,,kin1_1,-6,-9,-2,No,No,Kin2_1,-0.1262754,0.1623703,1.232519,0.01835589,0.1692017,Tracked,kin3_1,0.000,0.045,0.000,0.364,0.746,0.024,0.389,0.349,0.620,0.310,0.000,0.000,0.000,0.005,0.003,0.187,0.778
15:46:23.4652461,,kin1_1,-7,-12,-2,Maybe,No,Kin2_1,-0.1268146,0.1611954,1.232385,0.01835589,0.1692017,Tracked,kin3_1,0.000,0.030,0.000,0.293,0.761,0.024,0.420,0.281,0.641,0.241,0.000,0.000,0.000,0.000,0.001,0.096,0.718
15:46:23.7304328,,kin1_1,-6,-11,-4,Maybe,No,Kin2_1,-0.1260631,0.1606317,1.232478,0.01835589,0.1692017,Tracked,kin3_1,0.000,0.025,0.000,0.336,0.687,0.009,0.499,0.394,0.729,0.207,0.000,0.000,0.000,0.006,0.002,0.161,0.800
15:46:23.9816112,,kin1_1,-7,-12,-6,No,No,Kin2_1,-0.1234849,0.1615826,1.232011,0.03600912,0.1772965,Tracked,kin3_1,0.000,0.001,0.000,0.242,0.802,0.006,0.634,0.488,0.836,0.243,0.000,0.000,0.000,0.005,0.000,0.130,0.986
15:46:24.2327890,,kin1_1,-9,-12,-6,No,No,Kin2_1,-0.1207088,0.1616583,1.231538,0.03956698,0.1765712,Tracked,kin3_1,0.000,-0.007,0.000,0.234,0.767,0.019,0.651,0.462,0.822,0.187,0.000,0.000,0.000,0.006,0.001,0.101,0.958
15:46:24.4919727,,kin1_1,-9,-9,-6,No,No,Kin2_1,-0.1186763,0.1615368,1.231103,0.04013817,0.176405,Tracked,kin3_1,0.000,0.004,0.000,0.235,0.796,0.023,0.749,0.451,0.860,0.196,0.000,0.000,0.000,0.008,0.007,0.154,0.965
15:46:24.7421501,,kin1_1,-10,-12,-6,Maybe,No,Kin2_1,-0.1179881,0.1614118,1.230821,0.04013817,0.176405,Tracked,kin3_1,0.000,-0.018,0.000,0.251,0.784,0.020,0.648,0.436,0.764,0.189,0.000,0.000,0.000,0.011,0.015,0.212,1.000
15:46:24.9923281,,kin1_1,-9,-12,-6,Maybe,No,Kin2_1,-0.1173644,0.161272,1.230314,0.04013817,0.176405,Tracked,kin3_1,0.000,0.008,0.000,0.198,0.740,0.009,0.747,0.382,0.806,0.155,0.000,0.000,0.000,0.008,0.011,0.166,0.973
15:46:25.2425048,,kin1_1,-9,-12,-7,Maybe,No,Kin2_1,-0.1166504,0.1611118,1.229686,0.04013817,0.176405,Tracked,kin3_1,0.000,0.051,0.000,0.243,0.744,0.014,0.812,0.390,0.882,0.168,0.000,0.000,0.000,0.005,0.003,0.210,0.979
15:46:25.5056921,,kin1_1,-7,-11,-6,No,No,Kin2_1,-0.1163982,0.1611207,1.229782,0.04013817,0.176405,Tracked,kin3_1,0.000,0.064,0.001,0.390,0.252,0.032,0.717,0.280,0.694,0.258,0.000,0.000,0.000,0.012,0.019,0.498,0.363
15:46:25.7598726,,kin1_1,-6,-11,-4,No,No,Kin2_1,-0.1177687,0.1612909,1.232865,0.04013817,0.176405,Tracked,kin3_1,0.000,0.085,0.000,0.411,0.295,0.024,0.497,0.180,0.632,0.304,0.000,0.000,0.000,0.006,0.005,0.376,0.250
15:46:26.0160542,,kin1_1,-2,-9,-3,No,No,Kin2_1,-0.1212302,0.1633155,1.238649,0.04013817,0.176405,Tracked,kin3_1,0.000,0.045,0.000,0.463,0.711,0.017,0.254,0.189,0.514,0.285,0.000,0.000,0.000,0.005,0.000,0.228,0.785
15:46:26.2762380,,kin1_1,4,-4,0,No,No,Kin2_1,-0.1246401,0.1658812,1.244539,0.03057727,0.1553978,Tracked,kin3_1,0.000,0.014,0.000,0.255,0.252,0.022,0.217,0.078,0.358,0.430,0.000,0.000,0.000,0.001,0.012,0.165,0.378
15:46:26.5264157,,kin1_1,8,-3,0,No,No,Kin2_1,-0.1259767,0.167447,1.250292,0.02230896,0.1422541,Tracked,kin3_1,0.000,-0.009,0.000,0.183,0.223,0.005,0.177,0.075,0.313,0.466,0.000,0.000,0.000,0.000,0.003,0.153,0.464
15:46:26.7865995,,kin1_1,10,0,1,No,No,Kin2_1,-0.1246368,0.1693602,1.255751,0.02188309,0.1333363,Tracked,kin3_1,0.000,-0.030,0.000,0.188,0.523,0.117,0.253,0.565,0.642,0.624,0.000,0.000,0.000,0.000,0.008,0.167,0.915
15:46:27.0367779,,kin1_1,6,1,4,No,No,Kin2_1,-0.1219218,0.1692096,1.254442,0.02356495,0.1328,Tracked,kin3_1,0.000,0.002,0.000,0.382,0.455,0.091,0.307,0.676,0.746,0.634,0.000,0.000,0.000,0.000,0.014,0.404,0.954
15:46:27.2869546,,kin1_1,4,3,3,No,No,Kin2_1,-0.1193819,0.1690736,1.250917,0.02687349,0.1361257,Tracked,kin3_1,0.000,0.006,0.000,0.242,0.474,0.246,0.444,0.470,0.689,0.571,0.000,0.000,0.000,0.000,0.012,0.248,0.844
15:46:27.5381327,,kin1_1,3,3,5,No,No,Kin2_1,-0.1179343,0.1690881,1.248513,0.0358548,0.1478465,Tracked,kin3_1,0.000,-0.067,0.000,0.205,0.447,0.033,0.202,0.348,0.500,0.432,0.000,0.000,0.000,0.000,0.011,0.146,0.826
15:46:27.7893108,,kin1_1,1,3,4,No,No,Kin2_1,-0.1166963,0.1691053,1.24539,0.03606415,0.1513224,Tracked,kin3_1,0.000,-0.111,0.000,0.252,0.622,0.072,0.128,0.386,0.453,0.432,0.000,0.000,0.000,0.000,0.011,0.184,0.860
15:46:28.0404888,,kin1_1,1,-3,2,No,No,Kin2_1,-0.1161916,0.1692949,1.242601,0.03606415,0.1513224,Tracked,kin3_1,0.000,-0.081,0.000,0.325,0.680,0.070,0.201,0.410,0.479,0.462,0.000,0.000,0.000,0.000,0.003,0.236,0.974
15:46:28.2906665,,kin1_1,-1,-5,2,No,No,Kin2_1,-0.1166595,0.1691286,1.240452,0.03606415,0.1513224,Tracked,kin3_1,0.000,-0.060,0.000,0.311,0.665,0.053,0.213,0.383,0.484,0.444,0.000,0.000,0.000,0.000,0.013,0.224,0.930
15:46:28.5428447,,kin1_1,-1,-4,1,No,No,Kin2_1,-0.11777,0.1672459,1.239306,0.03606415,0.1513224,Tracked,kin3_1,0.000,-0.019,0.000,0.448,0.528,0.022,0.245,0.341,0.562,0.417,0.000,0.000,0.000,0.000,0.019,0.323,0.730
15:46:28.8070336,,kin1_1,0,-5,2,No,No,Kin2_1,-0.1170484,0.164734,1.224917,0.03661068,0.1537605,Tracked,kin3_1,0.000,-0.001,0.000,0.409,0.481,0.146,0.342,0.469,0.594,0.494,0.000,0.000,0.000,0.003,0.020,0.357,0.695
15:46:29.0582097,,kin1_1,-1,-4,3,No,No,Kin2_1,-0.1172463,0.1723643,1.223835,0.05442127,0.2211755,Tracked,kin3_1,0.000,0.042,0.000,0.299,0.701,0.092,0.246,0.408,0.527,0.400,0.000,0.000,0.000,0.000,0.005,0.210,0.922
15:46:29.3213970,,kin1_1,31,-5,-10,Unknown,Unknown,Kin2_1,0.4812191,-0.3896302,3.00633,0.0148316,0.1007679,Tracked,kin3_1,0.000,-0.016,0.000,0.367,0.619,0.095,0.262,0.394,0.593,0.465,0.000,0.000,0.000,0.004,0.006,0.197,0.734
15:46:29.5835829,,kin1_1,26,-2,-8,Unknown,Unknown,Kin2_1,0.5923485,-0.3246097,2.809989,0.2603837,0.2697565,Tracked,kin3_1,0.000,-0.017,0.015,-0.531,0.120,0.292,0.101,0.469,0.172,0.565,0.106,0.000,0.005,0.009,0.079,-0.352,0.277
15:46:29.8337602,,kin1_1,25,1,-7,No,No,Kin2_1,0.6511959,-0.2596717,2.691289,0.3217074,0.3122295,Tracked,kin3_1,0.000,0.005,0.016,-0.443,0.183,0.138,0.075,0.130,0.101,0.350,0.034,0.000,0.005,0.010,0.013,-0.436,0.191
15:46:30.0849377,,kin1_1,24,3,-8,No,No,Kin2_1,0.6723759,-0.2333165,2.624549,0.2994797,0.3080748,Tracked,kin3_1,0.000,-0.036,0.013,-0.503,0.118,0.607,0.142,0.619,0.207,0.684,0.097,0.000,0.008,0.013,0.084,-0.364,0.206
15:46:30.3351157,,kin1_1,25,4,-8,No,No,Kin2_1,0.6765627,-0.2259556,2.60568,0.2714626,0.281122,Tracked,kin3_1,0.000,-0.028,0.016,-0.530,0.077,0.283,0.137,0.316,0.206,0.635,0.057,0.000,0.007,0.013,0.085,-0.381,0.173
15:46:30.5862934,,kin1_1,24,-2,-7,No,No,Kin2_1,0.6779261,-0.2235981,2.601574,0.2538552,0.2548156,Tracked,kin3_1,0.000,0.008,0.018,-0.521,0.130,0.378,0.260,0.336,0.249,0.522,0.064,0.003,0.010,0.016,0.081,-0.384,0.265
15:46:30.8384732,,kin1_1,24,-3,-8,No,No,Kin2_1,0.6804096,-0.2227481,2.601414,0.2484852,0.2430046,Tracked,kin3_1,0.000,0.037,0.018,-0.568,0.144,0.186,0.220,0.035,0.046,0.426,0.024,0.000,0.007,0.011,0.015,-0.522,0.184
15:46:31.1046609,,kin1_1,22,3,-6,No,No,Kin2_1,0.6826136,-0.2230845,2.60407,0.2421099,0.2402451,Tracked,kin3_1,0.000,-0.073,0.021,-0.418,0.192,0.098,0.129,0.044,0.031,0.457,0.142,0.001,0.005,0.009,0.014,-0.485,0.158
15:46:31.3648454,,kin1_1,21,3,-4,No,No,Kin2_1,0.6790069,-0.2247138,2.611248,0.2350238,0.2481718,Tracked,kin3_1,0.000,0.019,0.018,-0.494,0.214,0.089,0.119,0.064,0.052,0.354,0.050,0.001,0.011,0.014,0.014,-0.460,0.226
15:46:31.6150224,,kin1_1,23,8,-4,No,No,Kin2_1,0.6703465,-0.2273966,2.619455,0.2318823,0.2586073,Tracked,kin3_1,0.000,0.019,0.018,-0.554,0.259,0.179,0.149,0.065,0.052,0.349,0.046,0.000,0.008,0.012,0.014,-0.577,0.222
15:46:31.8652005,,kin1_1,23,10,-2,No,No,Kin2_1,0.6613526,-0.2292852,2.626671,0.2150878,0.2908055,Tracked,kin3_1,0.000,0.049,0.019,-0.565,0.199,0.203,0.194,0.050,0.050,0.358,0.030,0.000,0.007,0.011,0.015,-0.538,0.215
15:46:32.1153775,,kin1_1,23,7,-2,No,No,Kin2_1,0.6614321,-0.2290508,2.63236,0.2050156,0.2862111,Tracked,kin3_1,0.000,-0.117,0.015,-0.549,0.202,0.739,0.261,0.733,0.249,0.697,0.149,0.000,0.010,0.013,0.046,-0.472,0.308
15:46:32.3665559,,kin1_1,23,7,-3,No,No,Kin2_1,0.6662164,-0.228475,2.633992,0.2132959,0.2809054,Tracked,kin3_1,0.000,0.008,0.020,-0.607,0.372,0.138,0.120,0.162,0.103,0.413,0.063,0.000,0.009,0.011,0.014,-0.610,0.358
15:46:32.6177333,,kin1_1,24,6,-4,No,No,Kin2_1,0.6700477,-0.2280187,2.630905,0.2166064,0.2813112,Tracked,kin3_1,0.000,0.038,0.020,-0.536,0.319,0.096,0.132,0.040,0.050,0.367,0.042,0.001,0.011,0.014,0.015,-0.536,0.359
15:46:32.8809209,,kin1_1,25,8,-3,No,No,Kin2_1,0.6686382,-0.226706,2.630478,0.2166064,0.2813112,Tracked,kin3_1,0.000,-0.055,0.022,-0.566,0.296,0.203,0.230,0.401,0.301,0.458,0.097,0.004,0.011,0.015,0.076,-0.437,0.477
15:46:33.1320987,,kin1_1,23,6,-2,No,No,Kin2_1,0.6633575,-0.2266756,2.631101,0.2152579,0.2824115,Tracked,kin3_1,0.000,0.099,0.018,-0.587,0.287,0.047,0.140,0.055,0.082,0.337,0.021,0.001,0.010,0.013,0.015,-0.528,0.412
15:46:33.3882800,,kin1_1,24,4,-3,No,No,Kin2_1,0.6584019,-0.2259526,2.633113,0.1884015,0.2929945,Tracked,kin3_1,0.000,0.040,0.016,-0.569,0.348,0.080,0.086,0.074,0.052,0.440,0.044,0.000,0.012,0.014,0.014,-0.550,0.408
15:46:33.6384580,,kin1_1,24,3,-2,No,No,Kin2_1,0.6579677,-0.225876,2.633188,0.1843639,0.2929503,Tracked,kin3_1,0.000,0.053,0.017,-0.512,0.324,0.066,0.144,0.045,0.080,0.454,0.016,0.001,0.013,0.016,0.017,-0.475,0.470
15:46:33.9006451,,kin1_1,24,1,-1,No,No,Kin2_1,0.6589647,-0.2255076,2.633469,0.1858835,0.2915272,Tracked,kin3_1,0.000,0.150,0.012,-0.627,0.307,0.117,0.394,0.032,0.185,0.479,0.013,0.013,0.003,0.008,0.016,-0.537,0.483
15:46:34.1498202,,kin1_1,25,4,-2,No,No,Kin2_1,0.6603909,-0.2252329,2.633693,0.1865265,0.2912515,Tracked,kin3_1,0.000,0.001,0.013,-0.439,0.250,0.124,0.183,0.067,0.083,0.473,0.005,0.002,0.007,0.012,0.022,-0.456,0.399
15:46:34.3999988,,kin1_1,23,3,-3,No,No,Kin2_1,0.66133,-0.2250242,2.634233,0.1865265,0.2912515,Tracked,kin3_1,0.000,-0.033,0.016,-0.301,0.019,0.507,0.359,0.114,0.130,0.537,0.006,0.016,0.001,0.007,0.023,-0.466,0.011
15:46:34.6501753,,kin1_1,26,2,-1,Unknown,Unknown,Kin2_1,0.6617136,-0.2248124,2.634746,0.1865265,0.2912515,Tracked,kin3_1,0.000,-0.077,0.046,-0.058,0.107,0.927,0.173,0.507,0.077,0.381,0.015,0.004,0.009,0.009,0.041,-0.485,0.004
15:46:34.9013540,,kin1_1,25,5,-1,No,No,Kin2_1,0.6617314,-0.2244004,2.634198,0.1865265,0.2912515,Tracked,kin3_1,0.000,-0.007,0.049,-0.061,0.135,0.874,0.291,0.558,0.239,0.388,0.013,0.012,0.004,0.007,0.094,-0.370,0.013
15:46:35.1525311,,kin1_1,25,1,-2,No,No,Kin2_1,0.6605697,-0.2247139,2.63294,0.1865265,0.2912515,Tracked,kin3_1,0.000,-0.007,0.049,-0.061,0.135,0.874,0.291,0.558,0.239,0.388,0.013,0.012,0.004,0.007,0.094,-0.370,0.013
15:46:35.4117145,,kin1_1,24,4,-2,No,No,Kin2_1,0.6559141,-0.2246557,2.632988,0.1865265,0.2912515,Tracked,kin3_1,0.000,-0.007,0.049,-0.061,0.135,0.874,0.291,0.558,0.239,0.388,0.013,0.012,0.004,0.007,0.094,-0.370,0.013
15:46:35.6628929,,kin1_1,23,12,2,No,No,Kin2_1,0.6401872,-0.2271854,2.643311,0.170146,0.2858607,Tracked,kin3_1,0.000,-0.007,0.049,-0.061,0.135,0.874,0.291,0.558,0.239,0.388,0.013,0.012,0.004,0.007,0.094,-0.370,0.013
15:46:35.9130709,,kin1_1,17,37,6,Unknown,Unknown,Kin2_1,0.565424,-0.2773585,2.727801,-0.05585383,0.1026571,Tracked,kin3_1,0.000,-0.007,0.049,-0.061,0.135,0.874,0.291,0.558,0.239,0.388,0.013,0.012,0.004,0.007,0.094,-0.370,0.013
15:46:36.1632477,,kin1_1,0,0,0,No,No,Kin2_1,0.4901443,-0.3358672,2.887945,-0.4214482,-0.356501,Tracked,kin3_1,0.000,-0.007,0.049,-0.061,0.135,0.874,0.291,0.558,0.239,0.388,0.013,0.012,0.004,0.007,0.094,-0.370,0.013
15:46:36.4274350,,kin1_1,21,20,19,No,Yes,Kin2_1,0.4189472,-0.3941715,3.019572,-0.4075516,-0.3879865,Tracked,kin3_1,0.000,-0.007,0.049,-0.061,0.135,0.874,0.291,0.558,0.239,0.388,0.013,0.012,0.004,0.007,0.094,-0.370,0.013
15:46:36.6796138,,kin1_1,21,19,20,No,Maybe,Kin2_1,0.3775736,-0.4009635,3.02296,-0.3674269,-0.1582029,Tracked,kin3_1,0.000,0.414,0.011,0.546,0.063,0.865,0.536,0.499,0.026,0.482,0.000,0.000,0.326,0.256,0.000,0.131,0.002
15:46:36.9287904,,kin1_1,32,38,24,Unknown,Unknown,Kin2_1,0.3121772,-0.3659691,2.877658,-0.322472,0.24969,Tracked,kin3_1,0.000,1.000,0.112,0.522,0.000,0.324,0.923,0.268,0.020,0.920,0.000,0.011,0.851,0.753,0.014,0.600,0.013
15:46:37.1789675,,kin1_1,0,0,0,No,No,Kin2_1,0.252244,-0.2917502,2.711759,-0.2386497,0.4149298,Tracked,kin3_1,0.000,1.000,0.112,0.522,0.000,0.324,0.923,0.268,0.020,0.920,0.000,0.011,0.851,0.753,0.014,0.600,0.013
15:46:37.4291445,,kin1_1,0,0,0,No,No,Kin2_1,0.2486959,-0.5328409,2.501847,-0.09107532,0.3772068,Tracked,kin3_1,0.000,1.000,0.112,0.522,0.000,0.324,0.923,0.268,0.020,0.920,0.000,0.011,0.851,0.753,0.014,0.600,0.013
15:46:37.6793222,,kin1_1,0,-6,-2,No,No,Kin2_1,-0.1104608,0.1740407,1.227723,-0.04858559,0.1347146,Tracked,kin3_1,0.000,0.039,0.000,0.325,0.645,0.030,0.060,0.168,0.254,0.337,0.000,0.000,0.000,0.000,0.000,0.176,0.771
15:46:37.9295002,,kin1_1,-1,-4,-2,No,No,Kin2_1,-0.1107656,0.1728914,1.229153,-0.04858559,0.1347146,Tracked,kin3_1,0.000,0.089,0.000,0.348,0.708,0.000,0.244,0.210,0.506,0.343,0.000,0.000,0.000,0.000,0.000,0.200,0.829
15:46:38.1806783,,kin1_1,-2,-7,-1,No,No,Kin2_1,-0.1106315,0.1722573,1.229786,-0.04858559,0.1347146,Tracked,kin3_1,0.000,0.109,0.000,0.321,0.674,0.008,0.317,0.233,0.515,0.392,0.000,0.000,0.000,0.001,0.003,0.180,0.810
15:46:38.4348588,,kin1_1,-1,-7,-2,No,No,Kin2_1,-0.1105868,0.1719664,1.229889,-0.04858559,0.1347146,Tracked,kin3_1,0.000,0.096,0.000,0.324,0.668,0.033,0.254,0.315,0.559,0.430,0.000,0.000,0.000,0.000,0.001,0.161,0.781
15:46:38.6860363,,kin1_1,-4,-7,-2,Maybe,No,Kin2_1,-0.1106259,0.1715468,1.229874,-0.0352827,0.126931,Tracked,kin3_1,0.000,0.077,0.000,0.340,0.652,0.049,0.335,0.320,0.564,0.431,0.000,0.000,0.000,0.000,0.001,0.196,0.816
15:46:38.9482221,,kin1_1,-3,-8,-1,No,No,Kin2_1,-0.1115336,0.1710557,1.229715,-0.03903532,0.1238938,Tracked,kin3_1,0.000,0.080,0.000,0.292,0.653,0.029,0.478,0.314,0.678,0.453,0.000,0.000,0.000,0.000,0.003,0.128,0.790
15:46:39.2114094,,kin1_1,-3,-5,-1,No,No,Kin2_1,-0.1125189,0.1705825,1.229346,-0.03999329,0.1234746,Tracked,kin3_1,0.000,0.094,0.000,0.273,0.661,0.048,0.425,0.323,0.635,0.452,0.000,0.000,0.000,0.000,0.001,0.172,0.762
15:46:39.4625868,,kin1_1,-3,-6,-1,No,No,Kin2_1,-0.1135696,0.1702987,1.228501,-0.03999329,0.1234746,Tracked,kin3_1,0.000,0.062,0.000,0.343,0.669,0.035,0.372,0.294,0.590,0.361,0.000,0.000,0.000,0.000,0.001,0.204,0.777
15:46:39.7287752,,kin1_1,-4,-5,-3,No,Yes,Kin2_1,-0.1142044,0.1701948,1.227869,-0.03999329,0.1234746,Tracked,kin3_1,0.000,0.065,0.000,0.327,0.713,0.054,0.381,0.324,0.607,0.397,0.000,0.000,0.000,0.000,0.000,0.205,0.772
15:46:39.9899604,,kin1_1,-4,-4,-2,No,No,Kin2_1,-0.11505,0.1700851,1.226923,-0.03999329,0.1234746,Tracked,kin3_1,0.000,0.067,0.000,0.435,0.605,0.028,0.399,0.244,0.563,0.403,0.000,0.000,0.000,0.000,0.000,0.233,0.762
15:46:40.2411385,,kin1_1,0,0,0,No,No,Kin2_1,-0.9256593,0.1703165,1.411909,-0.1855972,0.2209277,Tracked,kin3_1,0.000,0.033,0.010,-0.505,0.105,0.237,0.285,0.102,0.174,0.511,0.010,0.013,0.005,0.009,0.018,-0.516,0.102
15:46:40.4913165,,kin1_1,0,25,4,Unknown,Unknown,Kin2_1,-0.1233385,0.1726565,1.224224,-0.06526282,0.1315756,Tracked,kin3_1,0.000,-0.081,0.036,0.265,0.332,0.163,0.016,0.297,0.216,0.133,0.000,0.000,0.000,0.011,0.044,0.144,0.407
15:46:40.7414942,,kin1_1,1,11,7,No,Yes,Kin2_1,-0.1257358,0.1729324,1.224643,-0.0769403,0.1337714,Tracked,kin3_1,0.000,-0.082,0.027,0.337,0.188,0.184,0.008,0.329,0.165,0.089,0.001,0.000,0.008,0.024,0.071,0.236,0.293
15:46:41.0066825,,kin1_1,2,18,7,No,No,Kin2_1,-0.1281098,0.1725402,1.226191,-0.08322877,0.13082,Tracked,kin3_1,0.000,-0.054,0.027,0.299,0.329,0.075,0.019,0.254,0.176,0.149,0.000,0.000,0.000,0.017,0.044,0.263,0.491
15:46:41.2568589,,kin1_1,2,15,4,No,No,Kin2_1,-0.1302662,0.1724508,1.227465,-0.08434163,0.1298386,Tracked,kin3_1,0.000,-0.037,0.034,0.344,0.389,0.058,0.016,0.218,0.196,0.232,0.000,0.000,0.000,0.016,0.050,0.281,0.528
15:46:41.5110401,,kin1_1,1,14,4,No,No,Kin2_1,-0.1323951,0.1721594,1.229115,-0.08434163,0.1298386,Tracked,kin3_1,0.000,-0.046,0.036,0.274,0.400,0.028,0.016,0.191,0.170,0.248,0.000,0.000,0.000,0.010,0.040,0.229,0.534
15:46:41.7582150,,kin1_1,0,12,2,No,No,Kin2_1,-0.1330855,0.1718992,1.229375,-0.09040532,0.1243782,Tracked,kin3_1,0.000,-0.063,0.000,0.321,0.402,0.053,0.027,0.291,0.289,0.331,0.000,0.000,0.000,0.000,0.165,0.241,0.611
15:46:42.0093921,,kin1_1,1,12,4,No,No,Kin2_1,-0.1334267,0.1719451,1.22953,-0.09919584,0.1172449,Tracked,kin3_1,0.000,-0.086,0.033,0.290,0.390,0.125,0.000,0.337,0.213,0.311,0.000,0.000,0.000,0.000,0.059,0.211,0.567
15:46:42.2605702,,kin1_1,1,11,4,No,No,Kin2_1,-0.1338136,0.1718809,1.229525,-0.1006328,0.1158007,Tracked,kin3_1,0.000,-0.083,0.014,0.298,0.370,0.106,0.013,0.332,0.291,0.306,0.000,0.000,0.000,0.000,0.122,0.252,0.592
15:46:42.5217557,,kin1_1,0,12,4,No,No,Kin2_1,-0.1342091,0.1717238,1.229382,-0.1006328,0.1158007,Tracked,kin3_1,0.000,-0.040,0.026,0.289,0.400,0.146,0.023,0.343,0.286,0.332,0.000,0.000,0.000,0.000,0.206,0.158,0.596
15:46:42.7799390,,kin1_1,0,11,3,No,No,Kin2_1,-0.1348751,0.1715509,1.229223,-0.1006328,0.1158007,Tracked,kin3_1,0.000,-0.056,0.025,0.283,0.514,0.207,0.031,0.345,0.258,0.370,0.000,0.000,0.000,0.000,0.100,0.152,0.619
15:46:43.0311168,,kin1_1,-2,12,4,No,No,Kin2_1,-0.1357028,0.1712597,1.228746,-0.1006328,0.1158007,Tracked,kin3_1,0.000,-0.072,0.003,0.114,0.671,0.133,0.021,0.381,0.322,0.292,0.000,0.000,0.000,0.000,0.033,0.092,0.805
15:46:43.2923033,,kin1_1,-6,10,3,No,No,Kin2_1,-0.1358082,0.170565,1.227104,-0.1006328,0.1158007,Tracked,kin3_1,0.000,-0.028,0.014,0.141,0.744,0.186,0.026,0.474,0.394,0.253,0.000,0.000,0.000,0.000,0.110,0.028,0.917
15:46:43.5524858,,kin1_1,-9,12,0,No,No,Kin2_1,-0.1352426,0.169137,1.223459,-0.1006328,0.1158007,Tracked,kin3_1,0.000,0.008,0.017,0.179,0.698,0.381,0.060,0.554,0.433,0.269,0.000,0.000,0.000,0.000,0.031,0.035,0.898
15:46:43.8036652,,kin1_1,-10,16,1,No,No,Kin2_1,-0.1351216,0.1686526,1.221006,-0.1006328,0.1158007,Tracked,kin3_1,0.000,-0.078,0.029,0.224,0.513,0.159,0.034,0.344,0.275,0.104,0.000,0.000,0.000,0.007,0.051,0.154,0.632
15:46:44.0548429,,kin1_1,-12,19,0,No,No,Kin2_1,-0.1348697,0.1677254,1.218899,-0.1023109,0.1274515,Tracked,kin3_1,0.000,-0.085,0.027,0.223,0.454,0.194,0.022,0.328,0.222,0.049,0.000,0.000,0.000,0.010,0.055,0.141,0.567
15:46:44.3040196,,kin1_1,-12,22,-1,Maybe,No,Kin2_1,-0.1339588,0.1671232,1.217884,-0.1023381,0.1368521,Tracked,kin3_1,0.000,-0.095,0.018,0.232,0.433,0.222,0.020,0.402,0.275,0.016,0.000,0.000,0.000,0.012,0.074,0.149,0.547
15:46:44.5551967,,kin1_1,-12,23,-1,Maybe,No,Kin2_1,-0.1324561,0.1660147,1.217998,-0.1033527,0.139832,Tracked,kin3_1,0.000,-0.096,0.026,0.198,0.456,0.218,0.019,0.372,0.229,0.024,0.000,0.000,0.005,0.015,0.072,0.124,0.582
15:46:44.8053750,,kin1_1,-11,18,1,No,No,Kin2_1,-0.1320603,0.1657672,1.218216,-0.1033527,0.139832,Tracked,kin3_1,0.000,-0.108,0.024,0.210,0.433,0.231,0.025,0.395,0.261,0.030,0.002,0.000,0.008,0.018,0.059,0.098,0.546
15:46:45.0565528,,kin1_1,-12,9,1,No,No,Kin2_1,-0.1296882,0.1640302,1.218808,-0.1033527,0.139832,Tracked,kin3_1,0.000,-0.120,0.041,0.248,0.492,0.218,0.008,0.421,0.258,0.084,0.010,0.000,0.011,0.018,0.082,0.098,0.580
15:46:45.3197394,,kin1_1,-12,7,0,No,Maybe,Kin2_1,-0.1894414,0.1463417,1.174106,-0.1532432,0.1587033,Tracked,kin3_1,0.000,-0.074,0.019,0.252,0.571,0.212,0.018,0.391,0.257,0.120,0.000,0.000,0.000,0.008,0.107,0.169,0.686
15:46:45.5709181,,kin1_1,-12,-12,0,No,Yes,Kin2_1,-0.1833649,0.1427182,1.171499,-0.1638973,0.1733999,Tracked,kin3_1,0.000,-0.129,0.000,0.243,0.749,0.395,0.092,0.606,0.331,0.250,0.000,0.000,0.000,0.000,0.338,0.288,1.000
15:46:45.8200944,,kin1_1,-12,-7,-2,No,Yes,Kin2_1,-0.1603448,0.1592968,1.175788,-0.1027693,0.1842681,Tracked,kin3_1,0.000,-0.018,0.000,0.391,0.758,0.198,0.608,0.518,0.693,0.317,0.000,0.000,0.000,0.005,0.017,0.253,0.979
15:46:46.0712722,,kin1_1,-12,-7,-3,No,No,Kin2_1,-0.1590453,0.1600817,1.176287,-0.09284931,0.1860811,Tracked,kin3_1,0.000,0.048,0.000,0.356,0.742,0.081,0.560,0.363,0.592,0.307,0.000,0.000,0.000,0.007,0.000,0.276,0.928
15:46:46.3214496,,kin1_1,-11,-3,-3,No,No,Kin2_1,-0.1575903,0.1603107,1.177387,-0.08553966,0.183639,Tracked,kin3_1,0.000,0.069,0.000,0.376,0.491,0.055,0.460,0.316,0.533,0.345,0.000,0.000,0.000,0.003,0.008,0.356,0.756
15:46:46.5836348,,kin1_1,-7,-2,-4,No,Maybe,Kin2_1,-0.1563945,0.1606949,1.178149,-0.08341143,0.1827216,Tracked,kin3_1,0.000,-0.109,0.000,0.373,0.400,0.034,0.353,0.250,0.456,0.344,0.000,0.000,0.000,0.006,0.009,0.304,0.679
15:46:46.8348148,,kin1_1,-11,2,-2,No,No,Kin2_1,-0.1562162,0.1603224,1.178918,-0.08341143,0.1827216,Tracked,kin3_1,0.000,-0.122,0.004,0.311,0.373,0.105,0.219,0.291,0.367,0.337,0.000,0.000,0.000,0.002,0.021,0.298,0.677
15:46:47.0849912,,kin1_1,-10,2,-3,No,Maybe,Kin2_1,-0.1778119,0.1463383,1.176784,-0.0967622,0.1760398,Tracked,kin3_1,0.000,-0.177,0.004,0.367,0.403,0.113,0.218,0.258,0.327,0.340,0.000,0.000,0.000,0.000,0.004,0.294,0.735
15:46:47.3361693,,kin1_1,-7,4,-1,Maybe,Maybe,Kin2_1,-0.1777404,0.1463973,1.177427,-0.1201286,0.1641212,Tracked,kin3_1,0.000,-0.130,0.001,0.328,0.419,0.022,0.127,0.299,0.342,0.241,0.000,0.000,0.000,0.001,0.006,0.372,0.723
15:46:47.5873467,,kin1_1,-6,2,-3,No,Yes,Kin2_1,-0.1778217,0.1463301,1.178251,-0.1206023,0.1594542,Tracked,kin3_1,0.000,-0.086,0.006,0.367,0.500,0.035,0.153,0.363,0.407,0.294,0.000,0.000,0.000,0.000,0.007,0.291,0.780
15:46:47.8385261,,kin1_1,-4,1,-7,No,No,Kin2_1,-0.1792032,0.1487993,1.182647,-0.1206165,0.1584105,Tracked,kin3_1,0.000,-0.103,0.000,0.321,0.629,0.033,0.194,0.298,0.379,0.305,0.000,0.000,0.000,0.000,0.001,0.283,0.876
15:46:48.0887022,,kin1_1,-5,1,-4,No,No,Kin2_1,-0.1804941,0.1525218,1.189043,-0.1206165,0.1584105,Tracked,kin3_1,0.000,-0.047,0.000,0.226,0.823,0.035,0.287,0.364,0.505,0.343,0.000,0.000,0.000,0.000,0.000,0.211,0.997
15:46:48.3518888,,kin1_1,-7,1,-2,No,Maybe,Kin2_1,-0.1806808,0.1561,1.194968,-0.1224263,0.138064,Tracked,kin3_1,0.000,-0.077,0.013,0.280,0.648,0.029,0.283,0.399,0.572,0.312,0.000,0.000,0.000,0.011,0.012,0.193,0.946
15:46:48.6160774,,kin1_1,-7,3,-3,Maybe,No,Kin2_1,-0.1047441,0.1587384,1.238463,-0.002688009,0.08662656,Tracked,kin3_1,0.000,-0.135,0.000,0.362,0.583,0.051,0.126,0.335,0.390,0.278,0.000,0.000,0.000,0.000,0.001,0.258,0.821
15:46:48.8682562,,kin1_1,-6,4,-1,No,No,Kin2_1,-0.1061905,0.1590032,1.238215,-0.00617484,0.08712487,Tracked,kin3_1,0.000,-0.193,0.001,0.350,0.526,0.044,0.116,0.336,0.401,0.251,0.000,0.000,0.000,0.000,0.000,0.258,0.739
15:46:49.1194333,,kin1_1,-7,5,-1,No,No,Kin2_1,-0.106941,0.1596247,1.237637,-0.008558758,0.08873409,Tracked,kin3_1,0.000,-0.154,0.004,0.315,0.493,0.040,0.235,0.371,0.471,0.335,0.000,0.000,0.000,0.000,0.004,0.235,0.801
15:46:49.3806184,,kin1_1,-6,4,-1,No,No,Kin2_1,-0.1070162,0.1599749,1.236588,-0.008558758,0.08873409,Tracked,kin3_1,0.000,-0.126,0.003,0.241,0.505,0.177,0.123,0.385,0.306,0.291,0.000,0.000,0.000,0.000,0.010,0.236,0.743
15:46:49.6317965,,kin1_1,-7,3,-2,No,No,Kin2_1,-0.0692941,0.1437667,1.248331,0.04007899,0.08017426,Tracked,kin3_1,0.000,-0.053,0.001,0.270,0.601,0.100,0.092,0.422,0.367,0.303,0.000,0.000,0.000,0.000,0.014,0.232,0.865
15:46:49.8829746,,kin1_1,-7,3,-2,No,No,Kin2_1,-0.06643444,0.140002,1.249769,0.0437868,0.0743418,Tracked,kin3_1,0.000,-0.102,0.003,0.244,0.590,0.084,0.129,0.458,0.405,0.304,0.000,0.000,0.000,0.000,0.015,0.214,0.879
15:46:50.1331529,,kin1_1,-7,2,-2,No,No,Kin2_1,-0.06601658,0.1402794,1.248788,0.04414577,0.07850528,Tracked,kin3_1,0.000,-0.080,0.003,0.280,0.601,0.127,0.189,0.433,0.417,0.296,0.000,0.000,0.000,0.002,0.020,0.259,0.925
15:46:50.3843300,,kin1_1,-8,1,-3,No,No,Kin2_1,-0.06561212,0.1400319,1.248116,0.04414577,0.07850528,Tracked,kin3_1,0.000,-0.080,0.003,0.280,0.601,0.127,0.189,0.433,0.417,0.296,0.000,0.000,0.000,0.002,0.020,0.259,0.925
15:46:50.6345077,,kin1_1,-8,1,-2,No,No,Kin2_1,-0.06497698,0.1398198,1.247695,0.04414577,0.07850528,Tracked,kin3_1,0.000,-0.080,0.003,0.280,0.601,0.127,0.189,0.433,0.417,0.296,0.000,0.000,0.000,0.002,0.020,0.259,0.925
15:46:50.8856852,,kin1_1,-7,3,-3,No,No,Kin2_1,-0.06417377,0.1395989,1.247277,0.04414577,0.07850528,Tracked,kin3_1,0.000,-0.080,0.003,0.280,0.601,0.127,0.189,0.433,0.417,0.296,0.000,0.000,0.000,0.002,0.020,0.259,0.925
15:46:51.1458700,,kin1_1,-8,4,-2,No,No,Kin2_1,-0.0636243,0.1396627,1.246885,0.04414577,0.07850528,Tracked,kin3_1,0.000,-0.080,0.003,0.280,0.601,0.127,0.189,0.433,0.417,0.296,0.000,0.000,0.000,0.002,0.020,0.259,0.925
15:46:51.3960486,,kin1_1,-8,2,-3,No,No,Kin2_1,-0.06298355,0.1392721,1.24661,0.04414577,0.07850528,Tracked,kin3_1,0.000,-0.080,0.003,0.280,0.601,0.127,0.189,0.433,0.417,0.296,0.000,0.000,0.000,0.002,0.020,0.259,0.925
15:46:51.6472257,,kin1_1,-8,2,-1,No,No,Kin2_1,-0.06254179,0.13918,1.246585,0.04414577,0.07850528,Tracked,kin3_1,0.000,-0.080,0.003,0.280,0.601,0.127,0.189,0.433,0.417,0.296,0.000,0.000,0.000,0.002,0.020,0.259,0.925
15:46:51.8974028,,kin1_1,-8,4,-2,No,No,Kin2_1,-0.06051388,0.1404929,1.246969,0.06314015,0.08359292,Tracked,kin3_1,0.000,-0.090,0.005,0.365,0.563,0.017,0.112,0.278,0.303,0.303,0.000,0.000,0.000,0.002,0.020,0.286,0.838
15:46:52.1475805,,kin1_1,-7,4,-2,No,No,Kin2_1,-0.09461651,0.1597589,1.235473,0.01764174,0.1048868,Tracked,kin3_1,0.000,-0.147,0.003,0.338,0.562,0.096,0.084,0.403,0.380,0.295,0.000,0.000,0.000,0.000,0.000,0.259,0.759
15:46:52.3987585,,kin1_1,-12,2,-2,No,No,Kin2_1,-0.0962102,0.1598864,1.233798,0.01348037,0.1080475,Tracked,kin3_1,0.000,-0.108,0.000,0.312,0.427,0.073,0.234,0.358,0.414,0.346,0.000,0.000,0.000,0.000,0.004,0.339,0.810
15:46:52.6619445,,kin1_1,-7,2,-2,No,No,Kin2_1,-0.09961,0.162249,1.232003,0.01101976,0.1091425,Tracked,kin3_1,0.000,-0.102,0.000,0.238,0.345,0.025,0.258,0.297,0.404,0.282,0.000,0.000,0.000,0.000,0.015,0.306,0.767
15:46:52.9131235,,kin1_1,-8,0,-2,No,No,Kin2_1,-0.1021861,0.1634191,1.23035,0.01101976,0.1091425,Tracked,kin3_1,0.000,-0.107,0.000,0.330,0.353,0.044,0.271,0.261,0.371,0.277,0.000,0.000,0.000,0.000,0.007,0.370,0.709
15:46:53.1632999,,kin1_1,-8,3,-2,No,No,Kin2_1,-0.1043908,0.1636705,1.22973,-0.003453742,0.1143733,Tracked,kin3_1,0.000,-0.100,0.002,0.384,0.343,0.150,0.178,0.402,0.357,0.343,0.000,0.000,0.000,0.002,0.007,0.337,0.782
15:46:53.4134776,,kin1_1,-7,1,-1,No,No,Kin2_1,-0.1067816,0.163696,1.229774,-0.01444755,0.1148317,Tracked,kin3_1,0.000,-0.145,0.001,0.353,0.350,0.070,0.121,0.303,0.272,0.322,0.000,0.000,0.000,0.003,0.027,0.295,0.697
15:46:53.6646557,,kin1_1,-3,1,-1,No,No,Kin2_1,-0.1088159,0.1646697,1.230637,-0.01648086,0.1142023,Tracked,kin3_1,0.000,-0.081,0.000,0.294,0.328,0.040,0.188,0.341,0.354,0.376,0.000,0.000,0.000,0.001,0.000,0.355,0.782
15:46:53.9158335,,kin1_1,-2,3,0,No,No,Kin2_1,-0.1108428,0.1658083,1.23212,-0.01648086,0.1142023,Tracked,kin3_1,0.000,-0.078,0.000,0.390,0.391,0.015,0.157,0.339,0.361,0.424,0.000,0.000,0.000,0.000,0.107,0.396,0.714
15:46:54.1670122,,kin1_1,0,0,0,No,No,Kin2_1,-0.112312,0.1664837,1.232175,-0.02085294,0.1122907,Tracked,kin3_1,0.000,-0.074,0.000,0.356,0.399,0.014,0.044,0.323,0.226,0.379,0.000,0.000,0.000,0.000,0.080,0.371,0.821
15:46:54.4171886,,kin1_1,-2,2,0,No,No,Kin2_1,-0.1134184,0.1668544,1.231918,-0.03641647,0.1078288,Tracked,kin3_1,0.000,-0.038,0.001,0.242,0.402,0.015,0.156,0.347,0.368,0.410,0.000,0.000,0.000,0.003,0.070,0.303,0.817
15:46:54.6813778,,kin1_1,-3,3,-1,No,No,Kin2_1,-0.114036,0.1671209,1.231946,-0.03807331,0.1082646,Tracked,kin3_1,0.000,-0.015,0.000,0.219,0.364,0.059,0.220,0.371,0.406,0.400,0.000,0.000,0.000,0.001,0.081,0.312,0.809
15:46:54.9335550,,kin1_1,-4,2,0,No,No,Kin2_1,-0.1148523,0.167649,1.232181,-0.03807331,0.1082646,Tracked,kin3_1,0.000,-0.019,0.000,0.277,0.412,0.058,0.030,0.389,0.289,0.355,0.000,0.000,0.000,0.000,0.064,0.337,0.818
15:46:55.1987462,,kin1_1,-3,-9,0,Maybe,Yes,Kin2_1,-0.1164344,0.1686127,1.234476,-0.03807331,0.1082646,Tracked,kin3_1,0.000,-0.165,0.000,0.341,0.564,0.325,0.284,0.704,0.626,0.529,0.000,0.000,0.000,0.001,0.109,0.410,0.982
15:46:55.4499211,,kin1_1,-5,3,-2,No,Yes,Kin2_1,-0.1186791,0.1666906,1.237072,-0.03807331,0.1082646,Tracked,kin3_1,0.000,-0.109,0.000,0.203,0.764,0.142,0.536,0.434,0.753,0.258,0.000,0.000,0.000,0.000,0.000,-0.027,0.956
15:46:55.7111072,,kin1_1,-9,4,-3,No,Maybe,Kin2_1,-0.1188905,0.1644794,1.240329,-0.04202482,0.09661814,Tracked,kin3_1,0.000,-0.057,0.000,0.348,0.718,0.256,0.631,0.461,0.843,0.291,0.000,0.000,0.000,0.000,0.000,0.313,0.973
15:46:55.9602836,,kin1_1,-9,4,-4,No,Yes,Kin2_1,-0.118203,0.1621685,1.241879,-0.04046221,0.08348216,Tracked,kin3_1,0.000,0.006,0.000,0.267,0.720,0.124,0.847,0.344,0.945,0.315,0.000,0.000,0.000,0.000,0.000,0.223,1.000
15:46:56.2124620,,kin1_1,-5,-2,-2,No,Yes,Kin2_1,-0.1206548,0.1635468,1.246065,-0.02681468,0.06263907,Tracked,kin3_1,0.000,-0.044,0.000,0.076,0.648,0.039,0.429,0.292,0.599,0.167,0.000,0.000,0.000,0.000,0.000,0.096,0.974
15:46:56.4786511,,kin1_1,4,2,0,No,No,Kin2_1,-0.1233768,0.163985,1.252572,-0.03278007,0.04896428,Tracked,kin3_1,0.000,-0.015,0.000,0.168,0.498,0.024,0.220,0.335,0.419,0.430,0.000,0.000,0.000,0.000,0.003,0.292,0.977
15:46:56.7298282,,kin1_1,7,1,-3,No,No,Kin2_1,-0.1208606,0.1660158,1.254382,-0.04661177,0.05066334,Tracked,kin3_1,0.000,0.013,0.000,0.268,0.586,0.038,0.293,0.388,0.607,0.597,0.000,0.000,0.000,0.000,0.009,0.222,0.917
15:46:57.0020218,,kin1_1,1,-2,-3,No,Maybe,Kin2_1,-0.1205028,0.1669331,1.252224,-0.05105104,0.05678513,Tracked,kin3_1,0.000,0.046,0.001,0.310,0.605,0.050,0.218,0.454,0.557,0.550,0.000,0.000,0.000,0.000,0.005,0.278,0.930
15:46:57.2507809,,kin1_1,0,0,-3,No,No,Kin2_1,-0.1228069,0.1663978,1.249136,-0.05371011,0.05846167,Tracked,kin3_1,0.000,-0.016,0.000,0.371,0.615,0.039,0.315,0.429,0.558,0.517,0.000,0.000,0.000,0.000,0.007,0.288,0.956
15:46:57.5119635,,kin1_1,-2,-4,-4,No,No,Kin2_1,-0.1227049,0.165999,1.243474,-0.05371011,0.05846167,Tracked,kin3_1,0.000,-0.004,0.000,0.412,0.639,0.085,0.327,0.427,0.602,0.526,0.000,0.000,0.000,0.000,0.008,0.262,0.890
15:46:57.7631422,,kin1_1,-4,-6,-2,No,No,Kin2_1,-0.1205767,0.164357,1.239621,-0.05753696,0.07933675,Tracked,kin3_1,0.000,-0.004,0.000,0.396,0.661,0.041,0.375,0.422,0.670,0.461,0.000,0.000,0.000,0.004,0.000,0.244,0.902
15:46:58.0133196,,kin1_1,-7,-8,-3,No,Maybe,Kin2_1,-0.1191167,0.1625531,1.233736,-0.05442341,0.09169557,Tracked,kin3_1,0.000,0.017,0.000,0.433,0.705,0.024,0.407,0.367,0.627,0.414,0.000,0.000,0.000,0.000,0.001,0.293,0.936
15:46:58.2725033,,kin1_1,-7,-6,-4,No,No,Kin2_1,-0.1189425,0.1614772,1.227271,-0.05494561,0.1065695,Tracked,kin3_1,0.000,0.021,0.000,0.392,0.705,0.057,0.361,0.372,0.600,0.319,0.000,0.000,0.000,0.000,0.004,0.240,0.845
15:46:58.5266848,,kin1_1,-6,-7,-3,Maybe,No,Kin2_1,-0.1202009,0.1613342,1.22521,-0.05900298,0.1130218,Tracked,kin3_1,0.000,0.073,0.000,0.401,0.746,0.030,0.320,0.358,0.586,0.266,0.000,0.000,0.000,0.000,0.004,0.210,0.845
15:46:58.7778613,,kin1_1,-3,-7,-2,No,No,Kin2_1,-0.1227335,0.1618478,1.225047,-0.06575857,0.1142929,Tracked,kin3_1,0.000,0.031,0.000,0.495,0.297,0.047,0.360,0.305,0.524,0.303,0.000,0.000,0.000,0.004,0.022,0.414,0.442
15:46:59.0370447,,kin1_1,-1,-6,-2,No,No,Kin2_1,-0.1294658,0.1645233,1.22376,-0.08009516,0.1173025,Tracked,kin3_1,0.000,0.024,0.000,0.414,0.316,0.037,0.278,0.311,0.453,0.318,0.000,0.000,0.000,0.000,0.013,0.355,0.408
15:46:59.2882231,,kin1_1,-1,-3,0,No,No,Kin2_1,-0.1356927,0.1681616,1.217857,-0.1099768,0.132528,Tracked,kin3_1,0.000,-0.051,0.000,0.376,0.427,0.000,0.253,0.385,0.571,0.404,0.000,0.000,0.000,0.000,0.011,0.334,0.601
15:46:59.5384002,,kin1_1,-2,-3,-1,No,No,Kin2_1,-0.1390285,0.1696046,1.214153,-0.1247171,0.1494153,Tracked,kin3_1,0.000,-0.051,0.000,0.430,0.489,0.033,0.184,0.435,0.547,0.411,0.000,0.000,0.000,0.000,0.006,0.351,0.702
15:46:59.7895783,,kin1_1,-2,-2,1,No,No,Kin2_1,-0.1407234,0.1690888,1.214275,-0.1406167,0.1544597,Tracked,kin3_1,0.000,-0.052,0.000,0.362,0.446,0.071,0.266,0.462,0.513,0.472,0.000,0.000,0.000,0.000,0.009,0.277,0.717
15:47:00.0407567,,kin1_1,1,-11,-1,No,No,Kin2_1,-0.1407934,0.1691141,1.214576,-0.1442246,0.1556545,Tracked,kin3_1,0.000,0.037,0.000,0.497,0.467,0.091,0.294,0.352,0.474,0.424,0.000,0.000,0.000,0.004,0.023,0.308,0.557
15:47:00.2919344,,kin1_1,5,-13,-5,No,Maybe,Kin2_1,-0.1342827,0.1692401,1.217146,-0.104731,0.1466357,Tracked,kin3_1,0.000,0.051,0.003,0.538,0.205,0.036,0.314,0.353,0.524,0.331,0.001,0.000,0.000,0.005,0.064,0.406,0.314
15:47:00.5541200,,kin1_1,12,-26,-9,Unknown,Unknown,Kin2_1,-0.1251621,0.169917,1.2238,-0.07389005,0.1356571,Tracked,kin3_1,0.000,-0.046,0.003,0.551,0.374,0.019,0.044,0.291,0.352,0.109,0.000,0.000,0.000,0.019,0.025,0.439,0.482
15:47:00.8042977,,kin1_1,20,-32,-11,Unknown,Unknown,Kin2_1,-0.120484,0.1717925,1.231429,-0.04704759,0.1235356,Tracked,kin3_1,0.000,-0.141,0.018,0.662,0.556,0.017,0.054,0.544,0.635,0.000,0.008,0.000,0.000,0.038,0.013,0.527,0.689
