13:20:26.3139301,
13:20:26.5606048,
13:20:26.8222902,
13:20:27.0854766,
13:20:27.3806857,
13:20:27.6338650,
13:20:27.9005556,
13:20:28.1867570,
13:20:28.4509441,
13:20:28.7211352,
13:20:28.9858227,
13:20:29.2890371,
13:20:29.5832455,
13:20:29.8589411,
13:20:30.1306333,
13:20:30.3883161,
13:20:30.6505018,
13:20:30.9121872,
13:20:31.1648658,
13:20:31.4470661,
13:20:31.7408899,
13:20:31.9834460,
13:20:32.2381261,
13:20:32.4963090,
13:20:32.7595210,
13:20:33.0106986,
13:20:33.2748861,
13:20:33.5380725,
13:20:33.7892543,
13:20:34.0534372,
13:20:34.3066759,
13:20:34.5713910,
13:20:34.8245700,
13:20:35.0867554,
13:20:35.3379336,
13:20:35.6031224,
13:20:35.8573015,
13:20:36.1175256,
13:20:36.3707049,
13:20:36.6208821,
13:20:36.8835682,
13:20:37.1352462,
13:20:37.3989332,
13:20:37.6566155,
13:20:37.9213033,
13:20:38.1839893,
13:20:38.4386912,
13:20:38.6948942,
13:20:38.9630848,
13:20:39.2087585,
13:20:39.4669622,
13:20:39.7551949,
13:20:40.0053721,
13:20:40.2745628,
13:20:40.5247397,
13:20:40.7864254,
13:20:41.0386040,
13:20:41.2887812,
13:20:41.5389584,
13:20:41.7911595,
13:20:42.0423390,
13:20:42.2975185,
13:20:42.5697129,
13:20:42.8049099,
13:20:43.0555875,
13:20:43.3097672,
13:20:43.5634710,
13:20:43.8196527,
13:20:44.0728587,
13:20:44.3485549,
13:20:44.5872227,
13:20:44.8374253,
13:20:45.0998839,
13:20:45.3510923,
13:20:45.6032716,
13:20:45.8684588,
13:20:46.1216381,
13:20:46.3878273,
13:20:46.6380039,
13:20:46.8891818,
13:20:47.1553703,
13:20:47.4035769,
13:20:47.6772711,
13:20:47.9224451,
13:20:48.1821525,
13:20:48.4463393,
13:20:48.6990676,
13:20:48.9582900,
13:20:49.2134714,
13:20:49.4646493,
13:20:49.7168283,
13:20:49.9760116,
13:20:50.2261881,
13:20:50.4763653,
13:20:50.7385517,
13:20:50.9877282,
13:20:51.2509146,
13:20:51.5070958,
13:20:51.7572730,
13:20:52.0795015,
13:20:52.3197259,
13:20:52.5979220,
13:20:52.8506247,
13:20:53.1078068,
13:20:53.3680152,
13:20:53.6191938,
13:20:53.8703710,
13:20:54.1270785,
13:20:54.3842604,
13:20:54.6454457,
13:20:54.8966236,
13:20:55.1478015,
13:20:55.4044833,
13:20:55.6531922,
13:20:55.9123758,
13:20:56.1635537,
13:20:56.4147319,
13:20:56.6789188,
13:20:56.9290960,
13:20:57.1792732,
13:20:57.4314518,
13:20:57.6956386,
13:20:57.9498190,
13:20:58.1999959,
13:20:58.4581791,
13:20:58.7123591,
13:20:58.9745445,
13:20:59.2247223,
13:20:59.4779017,
13:20:59.7410881,
13:20:59.9912650,
13:21:00.2414422,
13:21:00.4946219,
13:21:00.7457995,
13:21:01.0079855,
13:21:01.2691711,
13:21:01.5173460,
13:21:01.7695249,
13:21:02.0337121,
13:21:02.2828889,
13:21:02.5340661,
13:21:02.8142649,
13:21:03.0704461,
13:21:03.3336322,
13:21:03.5848104,
13:21:03.8379926,
13:21:04.0881670,
13:21:04.3373435,
13:21:04.5875210,
13:21:04.8407003,
13:21:05.1028860,
13:21:05.3540636,
13:21:05.6162497,
13:21:05.8674276,
13:21:06.1176045,
13:21:06.3817916,
13:21:06.6379734,
13:21:06.9031609,
13:21:07.1543385,
13:21:07.4075182,
13:21:07.6787099,
13:21:07.9338910,
13:21:08.1830678,
13:21:08.4452532,
13:21:08.7104414,
13:21:08.9606180,
13:21:09.2117965,
13:21:09.4619734,
13:21:09.7191556,
13:21:09.9723352,
13:21:10.2325192,
13:21:10.4927035,
13:21:10.7428807,
13:21:11.0090693,
13:21:11.2562447,
13:21:11.5134272,
13:21:11.7636041,
13:21:12.0237880,
13:21:12.2869745,
13:21:12.5371517,
13:21:12.7863278,
13:21:13.0365060,
13:21:13.2876833,
13:21:13.5518704,
13:21:13.8020476,
13:21:14.0522248,
13:21:14.3034031,
13:21:14.5535800,
13:21:14.8047579,
13:21:15.0559361,
13:21:15.3221244,
13:21:15.5873125,
13:21:15.8535007,
13:21:16.1036776,
13:21:16.3648626,
13:21:16.6170416,
13:21:16.8692205,
13:21:17.1173957,
13:21:17.3805824,
13:21:17.6317603,
13:21:17.8829386,
13:21:18.1471251,
13:21:18.3973026,
13:21:18.6484805,
13:21:18.8996588,
13:21:19.1498357,
13:21:19.4000129,
13:21:19.6501901,
13:21:19.9013680,
13:21:20.1625530,
13:21:20.4127305,
13:21:20.6629074,
13:21:20.9150870,
13:21:21.1662640,
13:21:21.4274490,
13:21:21.6776262,
13:21:21.9398125,
13:21:22.1909898,
13:21:22.4541765,
13:21:22.7103574,
13:21:22.9605346,
13:21:23.2247220,
13:21:23.4759003,
13:21:23.7270779,
13:21:23.9782558,
13:21:24.2294334,
13:21:24.4816123,
13:21:24.7317895,
13:21:24.9899724,
13:21:25.2401496,
13:21:25.4903268,
13:21:25.7475093,
13:21:26.0066932,
13:21:26.2578705,
13:21:26.5080477,
13:21:26.7712341,
13:21:27.0224127,
13:21:27.2725896,
13:21:27.5237675,
13:21:27.7739447,
13:21:28.0251223,
13:21:28.2763002,
13:21:28.5364848,
13:21:28.7876624,
13:21:29.0378393,User,1,7,8,13,27,29,19,4,9,0,9,-1,robot
13:21:29.3030278,User,1,14,65,0,1,0,25,14,40,19,5,21,screenL
13:21:29.5542054,User,1,14,65,0,1,0,25,14,40,19,5,21,screenL
13:21:29.8043826,User,1,14,65,0,1,0,25,14,40,19,5,21,screenL
13:21:30.0555609,User,1,83,13,1,6,0,15,23,29,26,13,-17,screenR
13:21:30.3187473,User,1,51,3,0,0,4,5,11,47,33,12,-19,else
13:21:30.5699252,User,1,38,9,2,0,13,17,20,6,42,5,-14,screenR
13:21:30.8211044,User,1,111,25,1,0,14,1,0,0,85,5,-18,screenR
13:21:31.0722814,User,1,243,29,2,0,17,0,14,17,50,0,-11,screenR
13:21:31.3234586,User,1,131,13,0,3,0,8,5,54,30,-3,-1,screenR
13:21:31.5736362,User,1,131,13,0,3,0,8,5,54,30,-3,-1,screenR
13:21:31.8248141,User,1,71,40,27,3,0,0,16,24,30,-2,7,screenL
13:21:32.1070140,User,1,71,40,27,3,0,0,16,24,30,-2,7,screenL
13:21:32.3502706,User,1,236,45,5,0,0,14,0,34,46,0,-3,screenR
13:21:32.6014488,User,1,227,40,13,1,0,2,5,36,43,2,-7,screenR
13:21:32.8646346,User,1,227,40,13,1,0,2,5,36,43,2,-7,screenR
13:21:33.1218174,User,1,3,60,2,29,0,32,0,19,18,-2,-4,screenR
13:21:33.3719943,User,1,3,60,2,29,0,32,0,19,18,-2,-4,screenR
13:21:33.6231716,User,1,3,60,2,29,0,32,0,19,18,-2,-4,screenR
13:21:33.8853582,User,1,3,60,2,29,0,32,0,19,18,-2,-4,screenR
13:21:34.1505458,User,1,3,60,2,29,0,32,0,19,18,-2,-4,screenR
13:21:34.3997219,User,1,3,60,2,29,0,32,0,19,18,-2,-4,screenR
13:21:34.6639091,User,1,3,60,2,29,0,32,0,19,18,-2,-4,screenR
13:21:34.9130856,User,1,3,60,2,29,0,32,0,19,18,-2,-4,screenR
13:21:35.1642635,User,1,3,60,2,29,0,32,0,19,18,-2,-4,screenR
13:21:35.4284510,User,1,137,20,29,3,14,0,3,17,34,-1,-2,screenR
13:21:35.6936385,User,1,341,6,29,0,14,27,7,15,8,-3,4,screenR
13:21:35.9448167,User,1,146,3,19,0,12,43,25,0,0,0,-3,screenR
13:21:36.1969953,User,1,146,3,19,0,12,43,25,0,0,0,-3,screenR
13:21:36.4501747,User,1,3,4,14,0,43,27,1,15,0,1,1,screenR
13:21:36.7083579,User,1,37,2,2,0,32,32,15,13,6,2,0,screenL
13:21:36.9595358,User,1,107,2,10,0,44,32,13,1,1,7,-5,robot
13:21:37.2107134,User,1,27,4,21,0,18,33,13,13,3,5,-7,screenR
13:21:37.4749005,User,1,264,2,11,0,36,28,13,13,0,4,-10,screenR
13:21:37.7310820,User,1,108,4,22,0,29,19,3,19,8,7,-7,screenL
13:21:37.9822596,User,1,130,4,25,1,17,34,3,19,1,7,-10,screenR
13:21:38.2574548,User,1,155,3,8,19,15,12,20,9,16,7,-13,screenR
13:21:38.5086327,User,1,282,3,3,3,0,67,2,14,10,6,-10,screenR
13:21:38.7598110,User,1,396,6,28,0,25,11,3,12,21,5,-14,screenR
13:21:39.0249985,User,1,318,4,1,0,50,16,11,14,7,8,-15,screenR
13:21:39.2871839,User,1,55,3,14,0,0,52,16,17,0,7,-13,screenR
13:21:39.5413643,User,1,219,3,26,0,1,17,22,26,8,5,-7,robot
13:21:39.7925425,User,1,48,4,2,0,38,26,11,7,16,7,-11,screenR
13:21:40.0557289,User,1,36,3,5,0,0,33,8,43,11,13,-13,robot
13:21:40.3199167,User,1,89,1,21,0,12,29,16,19,3,7,-11,robot
13:21:40.5700926,User,1,187,1,29,0,3,28,26,13,0,7,-11,robot
13:21:40.8212705,User,1,159,7,22,0,23,4,18,21,12,6,-7,screenL
13:21:41.0854577,User,1,99,6,25,0,24,14,2,29,5,10,-6,robot
13:21:41.3376366,User,1,99,6,25,0,24,14,2,29,5,10,-6,robot
13:21:41.5878142,User,1,302,7,0,0,20,15,5,49,10,6,-5,screenR
13:21:41.8530014,User,1,118,4,26,0,21,3,2,28,20,7,-7,screenR
13:21:42.1041799,User,1,161,2,0,0,20,9,15,31,25,6,-4,screenR
13:21:42.3543565,User,1,277,3,1,0,25,4,26,26,17,7,-6,screenR
13:21:42.6215461,User,1,166,4,1,0,18,8,46,12,14,8,-5,screenR
13:21:42.9417726,User,1,280,6,22,3,10,10,21,6,27,7,-9,screenR
13:21:43.1659320,User,1,278,8,12,0,26,0,27,21,14,8,-7,screenR
13:21:43.4281555,User,1,271,6,3,0,2,41,22,5,27,9,-5,screenR
13:21:43.6868385,User,1,567,3,15,2,0,6,0,54,22,8,-2,screenR
13:21:43.9385430,User,1,20,24,3,1,0,23,0,0,73,14,1,robot
13:21:44.1897210,User,1,4,12,1,0,0,10,26,1,61,16,-1,robot
13:21:44.4559089,User,1,9,13,2,0,0,11,1,14,73,12,-2,screenR
13:21:44.7050873,User,1,28,14,0,11,0,1,0,14,74,13,-2,screenR
13:21:44.9562639,User,1,543,8,18,0,0,1,7,42,32,11,-2,screenR
13:21:45.2084422,User,1,554,6,0,2,8,1,11,39,37,2,5,screenL
13:21:45.4756331,User,1,159,23,6,0,0,20,18,14,42,7,16,screenL
13:21:45.7293362,User,1,159,23,6,0,0,20,18,14,42,7,16,screenL
13:21:45.9795371,User,1,159,23,6,0,0,20,18,14,42,7,16,screenL
13:21:46.2367196,User,1,159,23,6,0,0,20,18,14,42,7,16,screenL
13:21:46.4969036,User,1,159,23,6,0,0,20,18,14,42,7,16,screenL
13:21:46.7470853,User,1,159,23,6,0,0,20,18,14,42,7,16,screenL
13:21:47.0042636,User,1,159,23,6,0,0,20,18,14,42,7,16,screenL
13:21:47.2534395,User,1,159,23,6,0,0,20,18,14,42,7,16,screenL
13:21:47.5156252,User,1,159,23,6,0,0,20,18,14,42,7,16,screenL
13:21:47.7788116,User,1,159,23,6,0,0,20,18,14,42,7,16,screenL
13:21:48.0299899,User,1,159,23,6,0,0,20,18,14,42,7,16,screenL
13:21:48.2901742,User,1,159,23,6,0,0,20,18,14,42,7,16,screenL
13:21:48.5413521,User,1,159,23,6,0,0,20,18,14,42,7,16,screenL
13:21:48.7925300,User,1,159,23,6,0,0,20,18,14,42,7,16,screenL
13:21:49.0537147,User,1,159,23,6,0,0,20,18,14,42,7,16,screenL
13:21:49.3048932,User,1,159,23,6,0,0,20,18,14,42,7,16,screenL
13:21:49.5550695,User,1,159,23,6,0,0,20,18,14,42,7,16,screenL
13:21:49.8062477,User,1,159,23,6,0,0,20,18,14,42,7,16,screenL
13:21:50.0574263,User,1,159,23,6,0,0,20,18,14,42,7,16,screenL
13:21:50.3086036,User,1,159,23,6,0,0,20,18,14,42,7,16,screenL
13:21:50.5677871,User,1,159,23,6,0,0,20,18,14,42,7,16,screenL
13:21:50.8179640,User,1,159,23,6,0,0,20,18,14,42,7,16,screenL
13:21:51.0691426,User,1,159,23,6,0,0,20,18,14,42,7,16,screenL
13:21:51.3193195,User,1,159,23,6,0,0,20,18,14,42,7,16,screenL
13:21:51.5694970,User,1,159,23,6,0,0,20,18,14,42,7,16,screenL
13:21:51.8356856,User,1,159,23,6,0,0,20,18,14,42,7,16,screenL
13:21:52.0868635,User,1,159,23,6,0,0,20,18,14,42,7,16,screenL
13:21:52.3530520,User,1,159,23,6,0,0,20,18,14,42,7,16,screenL
13:21:52.6002268,User,1,159,23,6,0,0,20,18,14,42,7,16,screenL
13:21:52.8524054,User,1,159,23,6,0,0,20,18,14,42,7,16,screenL
13:21:53.1045840,User,1,159,23,6,0,0,20,18,14,42,7,16,screenL
13:21:53.3697719,User,1,159,23,6,0,0,20,18,14,42,7,16,screenL
13:21:53.6169473,User,1,159,23,6,0,0,20,18,14,42,7,16,screenL
13:21:53.8691259,User,1,159,23,6,0,0,20,18,14,42,7,16,screenL
13:21:54.1323120,User,1,159,23,6,0,0,20,18,14,42,7,16,screenL
13:21:54.3824892,User,1,159,23,6,0,0,20,18,14,42,7,16,screenL
13:21:54.6326664,User,1,159,23,6,0,0,20,18,14,42,7,16,screenL
13:21:54.8828436,User,1,159,23,6,0,0,20,18,14,42,7,16,screenL
13:21:55.1340212,User,1,159,23,6,0,0,20,18,14,42,7,16,screenL
13:21:55.3872009,User,1,159,23,6,0,0,20,18,14,42,7,16,screenL
13:21:55.6383788,User,1,159,23,6,0,0,20,18,14,42,7,16,screenL
13:21:55.8965614,User,1,159,23,6,0,0,20,18,14,42,7,16,screenL
13:21:56.1477396,User,1,159,23,6,0,0,20,18,14,42,7,16,screenL
13:21:56.3989179,User,1,159,23,6,0,0,20,18,14,42,7,16,screenL
13:21:56.6530976,User,1,159,23,6,0,0,20,18,14,42,7,16,screenL
13:21:56.9152836,User,1,159,23,6,0,0,20,18,14,42,7,16,screenL
13:21:57.1784697,User,1,159,23,6,0,0,20,18,14,42,7,16,screenL
13:21:57.4286469,User,1,159,23,6,0,0,20,18,14,42,7,16,screenL
13:21:57.6798252,User,1,159,23,6,0,0,20,18,14,42,7,16,screenL
13:21:57.9300017,User,1,159,23,6,0,0,20,18,14,42,7,16,screenL
13:21:58.1831814,User,1,159,23,6,0,0,20,18,14,42,7,16,screenL
13:21:58.4433660,User,1,159,23,6,0,0,20,18,14,42,7,16,screenL
13:21:58.6935426,User,1,159,23,6,0,0,20,18,14,42,7,16,screenL
13:21:58.9447215,User,1,159,23,6,0,0,20,18,14,42,7,16,screenL
13:21:59.1968998,User,1,159,23,6,0,0,20,18,14,42,7,16,screenL
13:21:59.4520805,User,1,159,23,6,0,0,20,18,14,42,7,16,screenL
13:21:59.7172684,User,1,159,23,6,0,0,20,18,14,42,7,16,screenL
13:21:59.9684459,User,1,159,23,6,0,0,20,18,14,42,7,16,screenL
13:22:00.2196239,User,1,159,23,6,0,0,20,18,14,42,7,16,screenL
13:22:00.4808092,User,1,159,23,6,0,0,20,18,14,42,7,16,screenL
13:22:00.7389918,User,1,159,23,6,0,0,20,18,14,42,7,16,screenL
13:22:00.9891690,User,1,159,23,6,0,0,20,18,14,42,7,16,screenL
13:22:01.2393462,User,1,159,23,6,0,0,20,18,14,42,7,16,screenL
13:22:01.4915254,User,1,159,23,6,0,0,20,18,14,42,7,16,screenL
13:22:01.7427030,User,1,104,35,0,0,1,33,1,63,2,17,9,robot
13:22:01.9948810,User,1,3,24,0,0,8,35,53,4,0,9,8,screenL
13:22:02.2540649,User,1,2,6,7,11,0,43,32,0,6,4,21,screenL
13:22:02.5032414,User,1,206,25,0,0,0,0,17,83,0,-1,22,screenL
13:22:02.7544193,User,1,206,25,0,0,0,0,17,83,0,-1,22,screenL
13:22:03.0146036,User,1,313,41,0,0,29,3,52,16,0,12,20,screenL
13:22:03.2737869,User,1,1,30,0,0,14,1,53,31,1,6,15,screenL
13:22:03.5239651,User,1,228,19,0,0,26,0,44,30,0,26,13,robot
13:22:03.7881513,User,1,1,3,0,0,0,0,79,21,0,29,5,robot
13:22:04.0373281,User,1,335,26,0,0,1,7,36,57,0,23,5,robot
13:22:04.2875056,User,1,80,7,0,0,35,12,35,18,0,22,8,robot
13:22:04.5386832,User,1,119,24,0,0,35,0,43,21,1,10,20,screenL
13:22:04.7898611,User,1,119,24,0,0,35,0,43,21,1,10,20,screenL
13:22:05.0530475,User,1,68,36,0,0,0,0,32,68,0,22,15,robot
13:22:05.3042255,User,1,68,36,0,0,0,0,32,68,0,22,15,robot
13:22:05.5564044,User,1,68,36,0,0,0,0,32,68,0,22,15,robot
13:22:05.8085827,User,1,68,36,0,0,0,0,32,68,0,22,15,robot
13:22:06.0597606,User,1,68,36,0,0,0,0,32,68,0,22,15,robot
13:22:06.3189439,User,1,68,36,0,0,0,0,32,68,0,22,15,robot
13:22:06.5701225,User,1,68,36,0,0,0,0,32,68,0,22,15,robot
13:22:06.8373117,User,1,68,36,0,0,0,0,32,68,0,22,15,robot
13:22:07.0874886,User,1,32,15,0,0,12,3,46,28,11,9,15,screenL
13:22:07.3496743,User,1,155,3,0,0,49,6,34,11,0,14,16,else
13:22:07.6008522,User,1,417,27,0,0,6,0,43,48,2,15,13,screenL
13:22:07.8530309,User,1,40,11,0,14,18,24,12,32,1,15,-4,screenR
13:22:08.1032081,User,1,1,12,0,1,20,31,7,41,0,11,-13,robot
13:22:08.3663942,User,1,6,19,0,7,33,27,17,15,1,14,-16,screenR
13:22:08.6185747,User,1,12,16,1,0,11,45,12,29,1,13,-18,robot
13:22:08.8697510,User,1,1,3,0,0,19,29,9,44,0,14,-16,else
13:22:09.1309357,User,1,177,2,0,0,32,30,15,19,4,15,-12,screenR
13:22:09.3821140,User,1,137,1,0,0,6,26,37,31,0,15,-9,screenR
13:22:09.6332922,User,1,9,1,0,0,24,10,24,41,0,15,-4,screenR
13:22:09.8964786,User,1,2,33,1,2,38,23,22,14,0,1,14,screenL
13:22:10.1476565,User,1,104,1,0,0,42,41,2,15,0,0,16,screenL
13:22:10.3988341,User,1,136,8,0,0,47,46,6,0,1,8,20,screenL
13:22:10.6530142,User,1,320,8,0,0,13,35,23,28,0,10,15,else
13:22:10.9061938,User,1,387,4,0,0,54,22,15,9,0,17,4,robot
13:22:11.1693812,User,1,354,4,0,0,15,16,13,56,0,16,1,robot
13:22:11.4195572,User,1,182,8,2,0,15,45,23,11,5,19,3,robot
13:22:11.6797411,User,1,1,4,1,0,40,34,18,2,5,10,16,else
13:22:11.9309197,User,1,283,6,0,0,7,57,5,30,1,12,8,screenL
13:22:12.1871005,User,1,283,6,0,0,7,57,5,30,1,12,8,screenL
13:22:12.4452837,User,1,153,11,1,0,19,36,42,1,0,7,16,screenL
13:22:12.6954609,User,1,255,27,0,0,0,47,51,0,1,22,17,robot
13:22:12.9466388,User,1,99,4,0,0,0,0,99,0,1,13,18,else
13:22:13.1978168,User,1,120,28,11,1,0,38,31,0,19,6,27,screenL
13:22:13.4499954,User,1,6,13,1,0,80,12,1,5,0,6,23,screenL
13:22:13.7101794,User,1,1,1,0,0,15,18,39,14,13,7,17,screenL
13:22:13.9613573,User,1,431,1,0,0,0,0,39,55,6,14,12,screenL
13:22:14.2125365,User,1,357,1,0,0,2,10,22,63,2,13,16,else
13:22:14.4637137,User,1,328,1,0,0,14,1,24,61,1,6,20,screenL
13:22:14.7168931,User,1,363,1,2,0,15,14,6,62,0,4,20,screenL
13:22:14.9670700,User,1,139,2,0,0,15,46,27,10,0,5,21,screenL
13:22:15.2272539,User,1,192,2,0,0,8,13,5,74,0,6,29,screenL
13:22:15.4814346,User,1,168,13,0,0,28,1,68,3,1,12,19,else
13:22:15.7306111,User,1,366,13,0,0,0,0,15,84,0,23,7,robot
13:22:15.9927965,User,1,21,3,7,4,54,6,22,8,0,21,-20,else
13:22:16.2549822,User,1,21,3,7,4,54,6,22,8,0,21,-20,else
13:22:16.5081616,User,1,21,3,7,4,54,6,22,8,0,21,-20,else
13:22:16.7593398,User,1,477,34,3,1,0,0,11,83,2,13,-24,screenR
13:22:17.0105177,User,1,359,10,15,0,0,0,29,55,1,1,-22,screenR
13:22:17.2737048,User,1,695,14,17,0,1,0,1,80,1,2,-12,screenR
13:22:17.5248821,User,1,278,7,1,0,0,35,18,45,0,4,-5,screenR
13:22:17.7910706,User,1,234,1,10,0,13,13,16,32,15,18,-1,robot
13:22:18.0522553,User,1,287,2,3,0,69,3,2,10,13,19,-3,robot
13:22:18.3034336,User,1,847,4,0,0,0,9,1,64,25,11,-3,robot
13:22:18.5546111,User,1,817,2,0,0,6,0,1,88,5,10,-2,screenL
13:22:18.8177976,User,1,449,2,1,0,12,2,42,44,0,9,-2,screenL
13:22:19.0689755,User,1,1,22,0,0,10,1,64,22,4,14,6,screenL
13:22:19.3211541,User,1,1,22,0,0,10,1,64,22,4,14,6,screenL
13:22:19.5703309,User,1,264,15,0,0,0,0,28,72,0,11,1,robot
13:22:19.8215085,User,1,614,1,0,0,0,9,16,55,20,11,11,screenL
13:22:20.0726865,User,1,378,12,4,14,2,21,2,27,30,6,19,screenL
13:22:20.3338711,User,1,544,21,15,15,0,25,3,18,24,-1,14,screenL
13:22:20.5850491,User,1,650,49,40,15,1,4,0,10,30,-6,14,screenL
13:22:20.8362276,User,1,138,27,0,1,3,9,52,21,13,2,-11,screenR
13:22:21.0864045,User,1,138,27,0,1,3,9,52,21,13,2,-11,screenR
13:22:21.3375824,User,1,138,27,0,1,3,9,52,21,13,2,-11,screenR
13:22:21.6007688,User,1,138,27,0,1,3,9,52,21,13,2,-11,screenR
13:22:21.8559496,User,1,138,27,0,1,3,9,52,21,13,2,-11,screenR
13:22:22.1171343,User,1,434,59,0,2,16,12,2,45,23,7,-27,screenR
13:22:22.4013362,User,1,492,77,0,41,3,8,0,47,0,9,-3,robot
13:22:22.6505705,User,1,157,47,0,16,36,0,46,1,0,8,14,else
13:22:22.9027488,User,1,157,47,0,16,36,0,46,1,0,8,14,else
13:22:23.1629327,User,1,332,60,0,0,0,0,40,60,0,22,10,robot
13:22:23.4141110,User,1,47,68,0,22,12,1,38,28,0,26,-5,robot
13:22:23.6642892,User,1,316,59,0,0,0,0,9,91,0,17,-9,robot
13:22:23.9274746,User,1,789,32,0,0,0,0,26,70,4,13,6,screenL
13:22:24.1786529,User,1,783,31,1,21,0,10,0,62,5,3,10,screenL
13:22:24.4298305,User,1,467,41,0,0,0,6,23,71,0,2,18,screenL
13:22:24.6810087,User,1,2,60,0,3,44,9,26,12,6,7,22,screenL
13:22:24.9321866,User,1,2,60,0,3,44,9,26,12,6,7,22,screenL
13:22:25.1943723,User,1,2,60,0,3,44,9,26,12,6,7,22,screenL
13:22:25.4495528,User,1,148,3,1,0,7,4,17,66,6,17,19,robot
13:22:25.7137402,User,1,322,38,4,0,0,0,32,62,2,24,7,robot
13:22:25.9619157,User,1,64,18,0,1,2,5,83,9,1,13,11,screenL
13:22:26.2140943,User,1,105,13,0,0,28,11,46,15,0,8,13,screenL
13:22:26.4642718,User,1,18,5,0,0,13,40,37,10,0,14,10,else
13:22:26.7254568,User,1,8,14,0,0,1,0,68,16,15,13,6,screenL
13:22:26.9766344,User,1,8,14,0,0,1,0,68,16,15,13,6,screenL
13:22:27.2278127,User,1,31,6,0,0,0,0,53,23,23,14,5,screenL
13:22:27.4779899,User,1,690,11,0,0,0,0,11,49,39,9,9,screenL
13:22:27.7281668,User,1,745,7,14,1,0,15,14,20,36,0,13,screenL
13:22:27.9803460,User,1,858,7,27,17,0,23,18,6,9,-3,8,screenL
13:22:28.2425314,User,1,738,6,5,0,0,1,6,88,0,-4,10,screenL
13:22:28.4937097,User,1,630,13,1,10,0,41,2,22,25,-1,18,screenL
13:22:28.7568951,User,1,605,11,3,5,0,3,31,36,22,-5,16,screenL
13:22:29.0070733,User,1,588,33,0,13,0,13,2,20,52,-3,17,screenL
13:22:29.2572502,User,1,785,10,2,3,0,34,7,40,15,-8,18,screenL
13:22:29.5114306,User,1,588,8,28,1,27,16,1,11,16,-7,11,screenL
13:22:29.7606067,User,1,866,2,16,2,16,13,3,31,19,0,4,screenL
13:22:30.0207910,User,1,883,7,30,0,0,3,24,34,10,-5,-4,screenL
13:22:30.2739701,User,1,955,3,17,0,1,0,14,60,9,-2,-4,screenR
13:22:30.5281501,User,1,867,5,31,0,9,4,19,13,24,-4,0,screenL
13:22:30.7813298,User,1,867,5,31,0,9,4,19,13,24,-4,0,screenL
13:22:31.0405133,User,1,747,2,17,0,30,10,21,5,16,3,4,screenR
13:22:31.3036998,User,1,827,7,28,1,0,10,9,12,41,-4,-2,screenR
13:22:31.5538767,User,1,868,6,14,0,0,12,32,12,31,-1,-3,screenR
13:22:31.8180644,User,1,916,8,30,0,0,15,36,7,12,3,0,screenL
13:22:32.0692420,User,1,898,4,24,0,0,2,27,28,19,-2,0,screenL
13:22:32.3254228,User,1,451,1,43,0,5,1,50,0,2,-2,2,screenL
13:22:32.5776028,User,1,517,1,28,0,0,30,35,7,0,-10,8,screenL
13:22:32.8427900,User,1,726,1,16,0,20,42,10,2,10,-7,8,screenL
13:22:33.0929672,User,1,604,2,0,1,18,53,14,14,0,-2,9,screenL
13:22:33.3431444,User,1,777,3,4,0,0,14,29,49,4,-2,13,screenL
13:22:33.6003265,User,1,656,3,21,0,2,3,11,44,19,0,13,screenL
13:22:33.8535059,User,1,708,1,3,0,1,14,24,57,1,2,13,screenL
13:22:34.1146912,User,1,514,1,0,0,1,21,44,28,5,12,12,else
13:22:34.3658688,User,1,487,3,4,3,22,18,45,4,4,8,17,screenL
13:22:34.6180474,User,1,624,3,0,0,4,31,11,41,13,17,11,robot
13:22:34.8672242,User,1,349,4,0,0,12,21,22,44,1,15,12,screenL
13:22:35.1194022,User,1,214,4,0,0,0,4,9,72,14,4,20,screenL
13:22:35.3695798,User,1,214,4,0,0,0,4,9,72,14,4,20,screenL
13:22:35.6327662,User,1,411,10,0,0,0,37,4,40,19,-3,25,screenL
13:22:35.8829431,User,1,495,20,8,7,9,9,1,8,59,0,20,screenL
13:22:36.1341210,User,1,496,18,13,34,0,35,0,5,12,0,17,screenL
13:22:36.3973074,User,1,2,3,0,0,11,55,17,15,1,3,19,screenL
13:22:36.6634966,User,1,1,20,24,0,4,1,53,4,14,11,10,screenL
13:22:36.9146742,User,1,608,14,0,0,0,5,14,50,31,12,4,screenL
13:22:37.1848656,User,1,687,8,1,0,14,27,7,47,4,-12,5,screenL
13:22:37.4510545,User,1,443,14,1,0,3,15,8,69,5,-15,7,screenL
13:22:37.7012317,User,1,639,2,1,0,0,29,28,42,0,-3,20,screenL
13:22:37.9544110,User,1,579,2,10,0,0,18,19,50,2,8,14,screenL
13:22:38.2165967,User,1,597,2,0,0,4,1,30,59,6,3,20,screenL
13:22:38.4747793,User,1,758,4,1,0,3,9,50,22,15,2,17,else
13:22:38.7259630,User,1,288,16,0,0,11,69,2,15,3,17,12,robot
13:22:38.9761338,User,1,428,26,0,17,0,60,0,3,19,12,17,screenL
13:22:39.2263116,User,1,428,26,0,17,0,60,0,3,19,12,17,screenL
13:22:39.4894977,User,1,440,5,0,0,0,31,30,5,33,4,23,screenL
13:22:39.7396759,User,1,523,9,4,0,1,10,12,57,17,-2,24,screenL
13:22:39.9908538,User,1,636,12,0,0,6,26,6,53,8,7,22,screenL
13:22:40.2440325,User,1,310,13,0,0,8,43,10,25,13,11,15,screenL
13:22:40.4932090,User,1,600,9,0,0,1,5,11,78,5,23,10,robot
13:22:40.7433862,User,1,834,6,6,0,5,0,12,33,43,19,-3,robot
13:22:40.9945644,User,1,24,8,4,0,20,6,3,55,12,23,-7,robot
13:22:41.2517466,User,1,134,1,8,0,19,57,1,0,14,29,-8,robot
13:22:41.5069280,User,1,101,4,8,0,43,29,1,1,19,19,-3,robot
13:22:41.7571043,User,1,3,9,12,0,0,12,2,59,15,24,3,robot
13:22:42.0072818,User,1,918,11,2,0,2,3,7,62,24,17,1,robot
13:22:42.2584591,User,1,566,7,2,0,0,0,10,42,45,11,2,screenL
13:22:42.5096370,User,1,386,12,0,0,1,13,11,52,23,18,1,robot
13:22:42.7718230,User,1,294,14,0,0,0,2,0,7,91,17,3,robot
13:22:43.0219999,User,1,667,24,11,0,1,7,32,34,15,7,2,screenL
13:22:43.2731781,User,1,468,20,1,0,0,11,7,49,32,19,5,robot
13:22:43.5293593,User,1,296,20,1,0,14,2,5,61,17,19,8,robot
13:22:43.7875422,User,1,441,19,1,0,9,5,5,42,38,14,12,screenL
13:22:44.0377194,User,1,441,19,1,0,9,5,5,42,38,14,12,screenL
13:22:44.2888973,User,1,314,25,1,0,1,36,13,45,5,5,16,screenL
13:22:44.5410762,User,1,58,5,0,0,24,5,49,8,14,21,15,robot
13:22:44.7922542,User,1,26,7,0,0,10,12,39,38,1,21,13,robot
13:22:45.0554403,User,1,382,7,0,0,43,13,13,30,1,21,12,robot
13:22:45.3186276,User,1,190,4,0,0,4,1,0,68,27,13,17,else
13:22:45.5688039,User,1,308,10,0,0,28,0,2,70,0,28,14,robot
13:22:45.8199821,User,1,298,2,3,0,14,4,4,57,18,27,3,robot
13:22:46.0841693,User,1,543,3,3,0,0,0,14,44,38,6,-5,screenL
13:22:46.3413514,User,1,305,8,6,0,8,16,13,54,2,11,-13,screenR
13:22:46.5945311,User,1,305,8,6,0,8,16,13,54,2,11,-13,screenR
13:22:46.8537147,User,1,305,8,6,0,8,16,13,54,2,11,-13,screenR
13:22:47.1034300,User,1,21,50,9,58,1,5,0,7,20,4,-9,screenR
13:22:47.3546349,User,1,59,25,0,34,0,2,11,1,52,-5,-7,screenR
13:22:47.6158202,User,1,271,3,15,0,2,1,2,72,7,2,-8,screenL
13:22:47.8669975,User,1,388,3,6,0,0,0,2,48,44,15,-6,screenR
13:22:48.1181757,User,1,165,5,1,0,13,19,6,7,54,19,4,robot
13:22:48.3693533,User,1,181,2,1,0,6,10,1,45,36,17,1,robot
13:22:48.6205312,User,1,181,2,1,0,6,10,1,45,36,17,1,robot
13:22:48.8977276,User,1,104,7,1,0,2,14,29,28,25,24,2,robot
13:22:49.1499069,User,1,373,2,8,0,13,4,1,3,71,24,3,robot
13:22:49.3990834,User,1,272,6,7,0,14,7,50,21,1,20,6,robot
13:22:49.6512620,User,1,229,9,6,0,12,12,3,57,10,17,10,robot
13:22:49.9114456,User,1,349,4,11,0,9,0,24,47,9,22,7,robot
13:22:50.1646256,User,1,135,10,1,0,23,26,18,14,18,26,12,robot
13:22:50.4138021,User,1,1,9,0,0,0,32,7,36,25,22,14,robot
13:22:50.6639787,User,1,3,2,0,0,0,22,35,42,1,38,5,else
13:22:50.9141569,User,1,19,14,0,0,0,21,28,31,19,35,4,else
13:22:51.1783437,User,1,1,8,4,0,1,21,23,46,5,42,8,else
13:22:51.4345254,User,1,1,15,0,0,0,54,4,32,10,37,6,else
13:22:51.6847014,User,1,1,3,0,0,10,3,35,50,1,33,-4,else
13:22:51.9488888,User,1,1,3,0,0,10,3,35,50,1,33,-4,else
13:22:52.2160784,User,1,123,3,0,0,0,15,33,52,0,5,-4,screenL
13:22:52.4672576,User,1,41,1,0,0,0,29,37,32,1,35,-7,else
13:22:52.7184342,User,1,41,1,0,0,0,29,37,32,1,35,-7,else
13:22:52.9786185,User,1,22,2,0,0,19,16,21,30,14,36,-5,else
13:22:53.2398035,User,1,103,3,0,0,1,49,26,15,9,30,5,robot
13:22:53.4949840,User,1,204,6,0,0,6,13,11,66,4,6,10,screenL
13:22:53.7451612,User,1,209,1,0,0,0,38,11,43,8,25,11,robot
13:22:54.0073472,User,1,161,3,2,0,22,27,28,13,7,20,7,robot
13:22:54.2575244,User,1,259,4,9,0,0,0,0,59,31,24,8,robot
13:22:54.5077023,User,1,231,2,10,0,13,1,14,29,34,26,7,robot
13:22:54.7718884,User,1,10,11,0,0,3,15,45,32,4,20,4,robot
13:22:55.0230664,User,1,12,4,3,0,10,31,26,19,12,38,5,else
13:22:55.2812492,User,1,1,7,2,0,0,12,32,20,34,40,3,else
13:22:55.5314261,User,1,1,7,2,0,0,12,32,20,34,40,3,else
13:22:55.7946129,User,1,5,2,14,0,0,14,36,32,4,35,1,else
13:22:56.0537965,User,1,14,7,1,0,10,48,15,26,0,17,-13,robot
13:22:56.3049750,User,1,4,1,0,0,15,43,28,14,1,41,2,else
13:22:56.5561520,User,1,41,1,1,0,7,15,33,43,2,27,-1,robot
13:22:56.8063295,User,1,3,10,0,0,0,14,41,28,17,25,-3,robot
13:22:57.0675152,User,1,1,1,0,0,0,21,25,53,0,39,-1,else
13:22:57.3186921,User,1,1,10,2,0,0,0,59,34,4,24,-3,robot
13:22:57.5698710,User,1,1,7,0,0,0,10,37,34,19,20,-24,else
13:22:57.8200476,User,1,194,6,0,0,0,41,24,24,10,32,-1,else
13:22:58.0712255,User,1,1,2,2,0,0,27,37,33,1,18,-4,robot
13:22:58.3214030,User,1,82,2,1,0,0,17,23,59,1,17,-5,robot
13:22:58.5735813,User,1,315,6,1,0,0,7,43,48,1,37,-3,else
13:22:58.8257603,User,1,101,1,27,0,4,4,8,20,37,34,-3,else
13:22:59.0849438,User,1,64,1,0,0,0,0,0,80,20,30,-3,robot
13:22:59.3361218,User,1,271,5,0,0,0,0,16,83,0,31,-3,else
13:22:59.5862983,User,1,337,1,0,0,14,14,15,45,13,23,-3,robot
13:22:59.8364765,User,1,440,8,0,0,0,0,17,70,13,28,-3,robot
13:23:00.0866537,User,1,440,8,0,0,0,0,17,70,13,28,-3,robot
13:23:00.3378310,User,1,188,1,0,0,0,14,8,45,32,15,1,screenL
13:23:00.5880082,User,1,26,5,0,0,0,1,8,91,0,19,4,robot
13:23:00.8511953,User,1,362,4,1,0,2,42,33,8,14,23,1,robot
13:23:01.1023729,User,1,288,11,1,0,7,7,13,50,23,18,4,robot
13:23:01.3525498,User,1,446,8,0,0,0,1,37,57,5,34,4,else
13:23:01.6157365,User,1,1,1,3,0,7,6,53,22,9,33,5,else
13:23:01.8659150,User,1,1,12,0,1,5,10,65,13,6,30,5,robot
13:23:02.1311009,User,1,1,1,28,0,9,30,17,0,16,35,3,else
13:23:02.3822801,User,1,3,2,1,0,0,0,42,40,17,36,2,else
13:23:02.6344587,User,1,3,12,6,0,4,6,25,37,22,34,2,else
13:23:02.8966432,User,1,422,10,0,0,0,1,14,71,14,18,2,robot
13:23:03.1488228,User,1,464,9,0,0,0,8,13,54,24,30,-1,robot
13:23:03.4010007,User,1,411,1,1,0,0,6,0,80,13,34,4,else
13:23:03.6631861,User,1,214,4,2,0,0,7,18,50,23,19,2,robot
13:23:03.9293750,User,1,216,8,6,0,0,16,10,42,25,36,3,else
13:23:04.1795529,User,1,360,4,0,0,0,0,42,44,14,33,3,else
13:23:04.4297294,User,1,355,8,0,0,0,9,28,61,2,25,5,robot
13:23:04.6989198,User,1,527,11,0,0,0,0,9,91,0,36,5,else
13:23:04.9480972,User,1,514,9,0,0,0,0,29,57,14,32,7,else
13:23:05.2122837,User,1,268,12,0,0,0,10,6,82,2,36,4,else
13:23:05.4744701,User,1,575,11,1,0,0,5,19,72,3,31,4,else
13:23:05.7256480,User,1,3,1,0,0,0,2,9,51,38,40,3,else
13:23:05.9758259,User,1,3,1,0,0,0,2,9,51,38,40,3,else
13:23:06.2260021,User,1,4,5,0,0,14,4,41,40,1,43,5,else
13:23:06.4771803,User,1,363,7,0,0,0,0,27,59,13,41,3,else
13:23:06.7273569,User,1,482,15,0,0,0,4,23,60,13,35,5,else
13:23:06.9905436,User,1,397,8,0,0,0,0,26,69,5,35,4,else
13:23:07.2557312,User,1,413,11,0,0,0,1,17,81,0,36,5,else
13:23:07.5069091,User,1,388,6,0,0,0,0,18,75,7,35,4,else
13:23:07.7570863,User,1,288,7,0,0,0,2,30,64,4,21,6,robot
13:23:08.0122670,User,1,120,7,0,0,0,0,37,53,10,34,8,else
13:23:08.2724517,User,1,92,6,0,0,1,8,53,31,8,38,4,else
13:23:08.5226289,User,1,3,22,0,0,0,23,19,35,24,33,3,else
13:23:08.7728058,User,1,530,15,0,0,0,0,4,61,34,47,3,else
13:23:09.0239837,User,1,453,16,0,0,0,1,19,73,8,32,2,else
13:23:09.2871701,User,1,536,11,3,0,0,8,15,70,5,33,5,else
13:23:09.5383480,User,1,228,9,0,0,10,0,12,72,6,27,6,robot
13:23:09.7885249,User,1,63,12,0,0,0,1,54,30,16,27,13,robot
13:23:10.0407048,User,1,103,20,0,0,9,0,40,35,16,26,16,robot
13:23:10.2908811,User,1,103,20,0,0,9,0,40,35,16,26,16,robot
13:23:10.5520658,User,1,77,3,5,0,24,24,6,35,6,14,24,screenL
13:23:10.8022433,User,1,4,20,0,0,0,1,48,44,7,24,26,else
13:23:11.0524205,User,1,9,4,0,0,0,22,34,42,2,26,16,robot
13:23:11.3035984,User,1,314,5,0,0,0,2,20,56,21,34,8,else
13:23:11.5547763,User,1,430,4,2,0,0,0,22,76,0,29,9,robot
13:23:11.8059546,User,1,374,11,1,0,0,11,25,62,1,30,2,robot
13:23:12.0571325,User,1,406,3,0,0,0,21,12,41,26,30,1,robot
13:23:12.3193179,User,1,311,2,4,0,0,7,11,75,2,33,2,else
13:23:12.5704955,User,1,405,2,0,0,0,11,3,73,13,28,2,robot
13:23:12.8206727,User,1,372,3,0,0,0,9,2,89,0,28,3,robot
13:23:13.0718509,User,1,293,3,13,0,1,0,6,45,34,28,1,robot
13:23:13.3240299,User,1,343,2,1,0,0,0,71,18,10,28,6,robot
13:23:13.5742071,User,1,273,1,9,0,14,0,8,45,23,22,2,robot
13:23:13.8393946,User,1,209,1,1,0,10,3,11,46,29,9,-1,screenL
13:23:14.1025810,User,1,258,1,1,0,10,18,6,28,37,16,-4,robot
13:23:14.3657674,User,1,258,1,1,0,10,18,6,28,37,16,-4,robot
13:23:14.6189468,User,1,322,1,0,0,2,35,0,47,16,19,1,robot
13:23:14.8851360,User,1,109,2,2,0,7,20,12,58,1,12,4,screenL
13:23:15.1473220,User,1,380,3,11,0,0,1,10,35,43,14,7,screenL
13:23:15.3995006,User,1,330,3,4,0,14,3,1,61,16,13,6,else
13:23:15.6506776,User,1,465,2,17,0,0,0,3,13,66,10,5,screenL
13:23:15.9138640,User,1,63,2,14,0,9,5,1,57,15,6,5,screenL
13:23:16.1660433,User,1,96,1,7,0,14,10,33,35,1,7,-7,robot
13:23:16.4162205,User,1,259,3,17,0,0,3,3,40,37,7,1,robot
13:23:16.6834098,User,1,324,2,7,0,4,0,23,40,27,13,3,screenL
13:23:16.9435931,User,1,334,3,14,0,6,5,11,33,32,21,4,robot
13:23:17.1937706,User,1,294,2,15,0,7,11,15,9,44,13,4,else
13:23:17.4449485,User,1,276,1,1,0,0,28,24,41,5,22,2,robot
13:23:17.6981292,User,1,282,2,4,0,2,10,21,58,4,10,9,screenL
13:23:17.9473044,User,1,309,5,2,0,0,3,10,51,34,24,4,robot
13:23:18.1974816,User,1,316,3,12,0,2,13,34,38,1,21,5,robot
13:23:18.4486595,User,1,167,4,1,0,64,0,9,26,1,22,14,robot
13:23:18.7138480,User,1,83,5,0,0,31,35,6,28,1,14,17,else
13:23:18.9640249,User,1,53,3,0,0,0,13,2,56,30,21,4,robot
13:23:19.2262106,User,1,183,2,0,0,0,0,20,52,27,25,-7,robot
13:23:19.4793899,User,1,183,2,0,0,0,0,20,52,27,25,-7,robot
13:23:19.7315679,User,1,99,3,0,0,0,0,33,66,0,19,-3,robot
13:23:19.9817461,User,1,153,4,8,0,43,4,2,15,27,24,0,robot
13:23:20.3360217,User,1,155,2,0,0,42,24,16,16,1,11,5,robot
13:23:20.5181809,User,1,224,2,0,0,1,0,32,67,1,28,14,robot
13:23:20.7693578,User,1,30,13,22,0,37,23,5,6,6,26,17,robot
13:23:21.0265400,User,1,27,12,2,0,1,53,23,17,3,17,24,else
13:23:21.3012884,User,1,249,5,20,0,50,4,10,15,1,21,19,robot
13:23:21.5584690,User,1,324,10,1,0,45,4,27,1,23,10,15,screenL
13:23:21.8206550,User,1,381,12,0,0,26,1,5,24,45,23,7,robot
13:23:22.0708332,User,1,268,11,11,0,2,10,2,51,24,5,7,screenL
13:23:22.3380215,User,1,3,18,6,1,0,1,2,68,23,0,6,screenL
13:23:22.5891988,User,1,452,3,0,3,0,2,1,15,78,10,2,screenL
13:23:22.8543882,User,1,661,39,0,0,1,2,16,71,10,-3,9,screenL
13:23:23.1165733,User,1,861,8,28,2,0,1,55,4,10,-4,2,screenR
13:23:23.3697520,User,1,869,9,26,6,0,9,10,6,43,-13,7,screenL
13:23:23.6329384,User,1,775,9,29,0,0,0,2,33,36,-8,11,screenL
13:23:23.9011310,User,1,575,10,4,0,14,21,19,38,4,-10,17,screenL
13:23:24.1543080,User,1,513,4,27,8,2,13,6,26,17,-7,17,screenL
13:23:24.4144933,User,1,553,6,26,11,1,2,7,38,16,-1,15,screenL
13:23:24.6862175,User,1,394,6,23,1,32,2,1,9,32,3,10,screenL
13:23:24.9353940,User,1,654,12,32,4,3,0,37,3,21,6,6,screenL
13:23:25.1951161,User,1,420,3,38,0,23,17,3,1,19,2,11,robot
13:23:25.4452933,User,1,239,1,20,0,57,2,21,0,0,-3,13,screenL
13:23:25.6964709,User,1,200,1,18,0,33,10,39,0,0,-8,17,screenL
13:23:25.9466485,User,1,196,5,4,0,29,10,8,47,4,-7,16,screenL
13:23:26.1978261,User,1,196,5,4,0,29,10,8,47,4,-7,16,screenL
13:23:26.4480029,User,1,217,3,24,0,39,0,6,19,12,-1,5,screenR
13:23:26.7121901,User,1,685,8,50,0,8,0,4,22,15,6,5,screenL
13:23:26.9753765,User,1,578,11,15,1,8,27,0,33,15,13,8,screenL
13:23:27.2265541,User,1,771,13,20,12,4,13,1,1,48,6,12,screenL
13:23:27.4787334,User,1,332,10,5,1,17,29,2,28,19,1,12,screenL
13:23:27.7289109,User,1,563,5,4,0,0,14,15,28,39,11,11,screenL
13:23:27.9790878,User,1,656,5,25,0,20,32,12,5,4,8,7,screenL
13:23:28.2292643,User,1,546,10,6,0,16,18,17,15,28,13,10,screenL
13:23:28.4924511,User,1,324,5,2,1,9,14,1,8,65,8,12,screenL
13:23:28.7426283,User,1,537,14,9,0,29,8,33,20,1,16,11,robot
13:23:28.9928052,User,1,795,14,13,6,5,10,14,15,37,-3,14,screenL
13:23:29.2449845,User,1,228,12,2,0,11,15,16,22,34,4,11,screenL
13:23:29.4961617,User,1,531,3,40,0,37,3,6,13,1,16,9,robot
13:23:29.7503421,User,1,222,1,8,0,60,11,1,5,16,-2,13,screenL
13:23:30.0145295,User,1,457,2,3,0,24,37,33,1,2,-7,18,screenL
13:23:30.2717114,User,1,449,5,15,0,6,6,5,47,21,-7,19,screenL
13:23:30.5228893,User,1,516,9,30,3,1,3,3,17,43,-8,23,screenL
13:23:30.7890779,User,1,620,11,8,0,4,4,19,28,38,-8,15,screenL
13:23:31.0402561,User,1,739,12,39,0,0,10,1,28,22,-1,13,screenL
13:23:31.2914337,User,1,783,12,36,1,0,9,0,6,48,7,13,screenL
13:23:31.5426119,User,1,783,12,36,1,0,9,0,6,48,7,13,screenL
13:23:31.8027966,User,1,736,5,6,0,11,0,21,32,30,6,8,screenL
13:23:32.0529734,User,1,460,6,7,0,36,6,12,21,18,3,13,screenL
13:23:32.3031507,User,1,89,12,0,0,27,12,54,7,0,13,7,else
13:23:32.5553290,User,1,154,4,16,0,6,13,3,57,5,11,0,else
13:23:32.8185157,User,1,338,5,15,0,34,8,7,15,21,17,7,robot
13:23:33.0706940,User,1,355,3,11,0,56,3,7,21,1,2,11,screenR
13:23:33.3228726,User,1,227,9,0,0,57,13,11,18,0,14,9,robot
13:23:33.5840580,User,1,181,2,2,0,47,23,3,22,3,12,5,screenL
13:23:33.8352356,User,1,139,4,1,0,63,16,12,4,4,8,13,screenR
13:23:34.0864138,User,1,347,2,7,0,43,19,18,13,0,9,10,robot
13:23:34.3496002,User,1,119,4,8,0,15,1,11,60,5,17,1,robot
13:23:34.6007778,User,1,546,7,21,0,0,1,5,55,19,4,-10,else
13:23:34.8519561,User,1,99,2,19,0,29,9,32,7,5,3,-20,screenR
13:23:35.1161432,User,1,172,1,6,0,13,16,52,13,0,7,-9,screenR
13:23:35.3803303,User,1,344,16,3,15,12,6,4,26,34,2,-14,screenR
13:23:35.6315079,User,1,344,16,3,15,12,6,4,26,34,2,-14,screenR
13:23:35.8846876,User,1,98,37,3,74,13,1,0,8,0,5,-25,screenR
13:23:36.1338638,User,1,98,37,3,74,13,1,0,8,0,5,-25,screenR
13:23:36.3840413,User,1,98,37,3,74,13,1,0,8,0,5,-25,screenR
13:23:36.6362202,User,1,98,37,3,74,13,1,0,8,0,5,-25,screenR
13:23:36.8843963,User,1,98,37,3,74,13,1,0,8,0,5,-25,screenR
13:23:37.1355743,User,1,98,37,3,74,13,1,0,8,0,5,-25,screenR
13:23:37.3857508,User,1,98,37,3,74,13,1,0,8,0,5,-25,screenR
13:23:37.6369281,User,1,98,37,3,74,13,1,0,8,0,5,-25,screenR
13:23:37.9181283,User,1,98,37,3,74,13,1,0,8,0,5,-25,screenR
13:23:38.1803136,User,1,98,37,3,74,13,1,0,8,0,5,-25,screenR
13:23:38.4304905,User,1,98,37,3,74,13,1,0,8,0,5,-25,screenR
13:23:38.6926762,User,1,98,37,3,74,13,1,0,8,0,5,-25,screenR
13:23:38.9538609,User,1,98,37,3,74,13,1,0,8,0,5,-25,screenR
13:23:39.2010367,User,1,98,37,3,74,13,1,0,8,0,5,-25,screenR
13:23:39.4542157,User,1,98,37,3,74,13,1,0,8,0,5,-25,screenR
13:23:39.7224060,User,1,98,37,3,74,13,1,0,8,0,5,-25,screenR
13:23:39.9835910,User,1,98,37,3,74,13,1,0,8,0,5,-25,screenR
13:23:40.2498042,User,1,98,37,3,74,13,1,0,8,0,5,-25,screenR
13:23:40.4904750,User,1,98,37,3,74,13,1,0,8,0,5,-25,screenR
13:23:40.7501590,User,1,98,37,3,74,13,1,0,8,0,5,-25,screenR
13:23:40.9988588,User,1,98,37,3,74,13,1,0,8,0,5,-25,screenR
13:23:41.2500364,User,1,98,37,3,74,13,1,0,8,0,5,-25,screenR
13:23:41.5132229,User,1,98,37,3,74,13,1,0,8,0,5,-25,screenR
13:23:41.7724061,User,1,98,37,3,74,13,1,0,8,0,5,-25,screenR
13:23:42.0225833,User,1,98,37,3,74,13,1,0,8,0,5,-25,screenR
13:23:42.2727602,User,1,98,37,3,74,13,1,0,8,0,5,-25,screenR
13:23:42.5239385,User,1,98,37,3,74,13,1,0,8,0,5,-25,screenR
13:23:42.7761168,User,1,98,37,3,74,13,1,0,8,0,5,-25,screenR
13:23:43.0272953,User,1,98,37,3,74,13,1,0,8,0,5,-25,screenR
13:23:43.2914821,User,1,98,37,3,74,13,1,0,8,0,5,-25,screenR
13:23:43.5566703,User,1,98,37,3,74,13,1,0,8,0,5,-25,screenR
13:23:43.8068475,User,1,98,37,3,74,13,1,0,8,0,5,-25,screenR
13:23:44.0700339,User,1,98,37,3,74,13,1,0,8,0,5,-25,screenR
13:23:44.3212112,User,1,98,37,3,74,13,1,0,8,0,5,-25,screenR
13:23:44.5833969,User,1,98,37,3,74,13,1,0,8,0,5,-25,screenR
13:23:44.8335744,User,1,98,37,3,74,13,1,0,8,0,5,-25,screenR
13:23:45.0847524,User,1,98,37,3,74,13,1,0,8,0,5,-25,screenR
13:23:45.3359306,User,1,98,37,3,74,13,1,0,8,0,5,-25,screenR
13:23:45.5871085,User,1,98,37,3,74,13,1,0,8,0,5,-25,screenR
13:23:45.8492949,User,1,98,37,3,74,13,1,0,8,0,5,-25,screenR
13:23:46.1004722,User,1,98,37,3,74,13,1,0,8,0,5,-25,screenR
13:23:46.3516507,User,1,98,37,3,74,13,1,0,8,0,5,-25,screenR
13:23:46.6018276,User,1,98,37,3,74,13,1,0,8,0,5,-25,screenR
13:23:46.8520045,User,1,98,37,3,74,13,1,0,8,0,5,-25,screenR
13:23:47.1031824,User,1,98,37,3,74,13,1,0,8,0,5,-25,screenR
13:23:47.3533593,User,1,98,37,3,74,13,1,0,8,0,5,-25,screenR
13:23:47.6065390,User,1,98,37,3,74,13,1,0,8,0,5,-25,screenR
13:23:47.8677233,User,1,98,37,3,74,13,1,0,8,0,5,-25,screenR
13:23:48.1179015,User,1,98,37,3,74,13,1,0,8,0,5,-25,screenR
13:23:48.3810870,User,1,98,37,3,74,13,1,0,8,0,5,-25,screenR
13:23:48.6312648,User,1,98,37,3,74,13,1,0,8,0,5,-25,screenR
13:23:48.8964520,User,1,98,37,3,74,13,1,0,8,0,5,-25,screenR
13:23:49.1476309,User,1,98,37,3,74,13,1,0,8,0,5,-25,screenR
13:23:49.4128184,User,1,98,37,3,74,13,1,0,8,0,5,-25,screenR
13:23:49.6800077,User,1,98,37,3,74,13,1,0,8,0,5,-25,screenR
13:23:49.9301845,User,1,98,37,3,74,13,1,0,8,0,5,-25,screenR
13:23:50.1813625,User,1,98,37,3,74,13,1,0,8,0,5,-25,screenR
13:23:50.4445499,User,1,98,37,3,74,13,1,0,8,0,5,-25,screenR
13:23:50.6957278,User,1,98,37,3,74,13,1,0,8,0,5,-25,screenR
13:23:50.9459047,User,1,98,37,3,74,13,1,0,8,0,5,-25,screenR
13:23:51.1980826,User,1,98,37,3,74,13,1,0,8,0,5,-25,screenR
13:23:51.4482602,User,1,98,37,3,74,13,1,0,8,0,5,-25,screenR
13:23:51.6984374,User,1,98,37,3,74,13,1,0,8,0,5,-25,screenR
13:23:51.9606231,User,1,98,37,3,74,13,1,0,8,0,5,-25,screenR
13:23:52.2108000,User,1,98,37,3,74,13,1,0,8,0,5,-25,screenR
13:23:52.4619785,User,1,98,37,3,74,13,1,0,8,0,5,-25,screenR
13:23:52.7141565,User,1,98,37,3,74,13,1,0,8,0,5,-25,screenR
13:23:52.9743411,User,1,98,37,3,74,13,1,0,8,0,5,-25,screenR
13:23:53.2255191,User,1,98,37,3,74,13,1,0,8,0,5,-25,screenR
13:23:53.4756966,User,1,98,37,3,74,13,1,0,8,0,5,-25,screenR
13:23:53.7268739,User,1,98,37,3,74,13,1,0,8,0,5,-25,screenR
13:23:53.9910610,User,1,98,37,3,74,13,1,0,8,0,5,-25,screenR
13:23:54.2412392,User,1,98,37,3,74,13,1,0,8,0,5,-25,screenR
13:23:54.4924171,User,1,98,37,3,74,13,1,0,8,0,5,-25,screenR
13:23:54.7576040,User,1,98,37,3,74,13,1,0,8,0,5,-25,screenR
13:23:55.0087822,User,1,98,37,3,74,13,1,0,8,0,5,-25,screenR
13:23:55.2589591,User,1,98,37,3,74,13,1,0,8,0,5,-25,screenR
13:23:55.5211448,User,1,98,37,3,74,13,1,0,8,0,5,-25,screenR
13:23:55.7713223,User,1,98,37,3,74,13,1,0,8,0,5,-25,screenR
13:23:56.0214995,User,1,98,37,3,74,13,1,0,8,0,5,-25,screenR
13:23:56.2726775,User,1,98,37,3,74,13,1,0,8,0,5,-25,screenR
13:23:56.5238554,User,1,98,37,3,74,13,1,0,8,0,5,-25,screenR
13:23:56.7740326,User,1,98,37,3,74,13,1,0,8,0,5,-25,screenR
13:23:57.0242098,User,1,98,37,3,74,13,1,0,8,0,5,-25,screenR
13:23:57.2793902,User,1,98,37,3,74,13,1,0,8,0,5,-25,screenR
13:23:57.5395745,User,1,98,37,3,74,13,1,0,8,0,5,-25,screenR
13:23:57.7907525,User,1,98,37,3,74,13,1,0,8,0,5,-25,screenR
13:23:58.0529385,User,1,98,37,3,74,13,1,0,8,0,5,-25,screenR
13:23:58.3041167,User,1,98,37,3,74,13,1,0,8,0,5,-25,screenR
13:23:58.5542936,User,1,98,37,3,74,13,1,0,8,0,5,-25,screenR
13:23:58.8064726,User,1,98,37,3,74,13,1,0,8,0,5,-25,screenR
13:23:59.0676569,User,1,98,37,3,74,13,1,0,8,0,5,-25,screenR
13:23:59.3188352,User,1,98,37,3,74,13,1,0,8,0,5,-25,screenR
13:23:59.5690124,User,1,98,37,3,74,13,1,0,8,0,5,-25,screenR
13:23:59.8191899,User,1,98,37,3,74,13,1,0,8,0,5,-25,screenR
13:24:00.0723689,User,1,98,37,3,74,13,1,0,8,0,5,-25,screenR
13:24:00.3215454,User,1,98,37,3,74,13,1,0,8,0,5,-25,screenR
13:24:00.5717223,User,1,98,37,3,74,13,1,0,8,0,5,-25,screenR
13:24:00.8349090,User,1,98,37,3,74,13,1,0,8,0,5,-25,screenR
13:24:01.0860873,User,1,98,37,3,74,13,1,0,8,0,5,-25,screenR
13:24:01.3382656,User,1,98,37,3,74,13,1,0,8,0,5,-25,screenR
13:24:01.5994503,User,1,98,37,3,74,13,1,0,8,0,5,-25,screenR
13:24:01.8506282,User,1,98,37,3,74,13,1,0,8,0,5,-25,screenR
13:24:02.1008054,User,1,98,37,3,74,13,1,0,8,0,5,-25,screenR
13:24:02.3509829,User,1,98,37,3,74,13,1,0,8,0,5,-25,screenR
13:24:02.6161708,User,1,98,37,3,74,13,1,0,8,0,5,-25,screenR
13:24:02.8683500,User,1,98,37,3,74,13,1,0,8,0,5,-25,screenR
13:24:03.1185266,User,1,98,37,3,74,13,1,0,8,0,5,-25,screenR
13:24:03.3807120,User,1,98,37,3,74,13,1,0,8,0,5,-25,screenR
13:24:03.6318899,User,1,98,37,3,74,13,1,0,8,0,5,-25,screenR
13:24:03.8910732,User,1,98,37,3,74,13,1,0,8,0,5,-25,screenR
13:24:04.1472550,User,1,98,37,3,74,13,1,0,8,0,5,-25,screenR
13:24:04.4004349,User,1,98,37,3,74,13,1,0,8,0,5,-25,screenR
13:24:04.6506118,User,1,98,37,3,74,13,1,0,8,0,5,-25,screenR
13:24:04.9007887,User,1,98,37,3,74,13,1,0,8,0,5,-25,screenR
13:24:05.1519670,User,1,98,37,3,74,13,1,0,8,0,5,-25,screenR
13:24:05.4021445,User,1,98,37,3,74,13,1,0,8,0,5,-25,screenR
13:24:05.6613278,User,1,98,37,3,74,13,1,0,8,0,5,-25,screenR
13:24:05.9125057,User,1,98,37,3,74,13,1,0,8,0,5,-25,screenR
13:24:06.1636833,User,1,98,37,3,74,13,1,0,8,0,5,-25,screenR
13:24:06.4158619,User,1,98,37,3,74,13,1,0,8,0,5,-25,screenR
13:24:06.6780479,User,1,98,37,3,74,13,1,0,8,0,5,-25,screenR
13:24:06.9282251,User,1,98,37,3,74,13,1,0,8,0,5,-25,screenR
13:24:07.1794034,User,1,98,37,3,74,13,1,0,8,0,5,-25,screenR
13:24:07.4305807,User,1,98,37,3,74,13,1,0,8,0,5,-25,screenR
13:24:07.6947697,User,1,98,37,3,74,13,1,0,8,0,5,-25,screenR
13:24:07.9439446,User,1,98,37,3,74,13,1,0,8,0,5,-25,screenR
13:24:08.1961236,User,1,98,37,3,74,13,1,0,8,0,5,-25,screenR
13:24:08.4442994,User,1,98,37,3,74,13,1,0,8,0,5,-25,screenR
13:24:08.6954763,User,1,98,37,3,74,13,1,0,8,0,5,-25,screenR
13:24:08.9456554,User,1,98,37,3,74,13,1,0,8,0,5,-25,screenR
13:24:09.1958307,User,1,98,37,3,74,13,1,0,8,0,5,-25,screenR
13:24:09.4600185,User,1,98,37,3,74,13,1,0,8,0,5,-25,screenR
13:24:09.7111980,User,1,98,37,3,74,13,1,0,8,0,5,-25,screenR
13:24:09.9613733,User,1,98,37,3,74,13,1,0,8,0,5,-25,screenR
13:24:10.2115508,User,1,98,37,3,74,13,1,0,8,0,5,-25,screenR
13:24:10.4627284,User,1,98,37,3,74,13,1,0,8,0,5,-25,screenR
13:24:10.7129060,User,1,98,37,3,74,13,1,0,8,0,5,-25,screenR
13:24:10.9750914,User,1,98,37,3,74,13,1,0,8,0,5,-25,screenR
13:24:11.2252686,User,1,98,37,3,74,13,1,0,8,0,5,-25,screenR
13:24:11.4754467,User,1,98,37,3,74,13,1,0,8,0,5,-25,screenR
13:24:11.7266234,User,1,98,37,3,74,13,1,0,8,0,5,-25,screenR
13:24:11.9908108,User,1,98,37,3,74,13,1,0,8,0,5,-25,screenR
13:24:12.2459919,User,1,98,37,3,74,13,1,0,8,0,5,-25,screenR
13:24:12.4971695,User,1,98,37,3,74,13,1,0,8,0,5,-25,screenR
13:24:12.7583551,User,1,98,37,3,74,13,1,0,8,0,5,-25,screenR
13:24:13.0095327,User,1,98,37,3,74,13,1,0,8,0,5,-25,screenR
13:24:13.2597096,User,1,98,37,3,74,13,1,0,8,0,5,-25,screenR
13:24:13.5218953,User,1,98,37,3,74,13,1,0,8,0,5,-25,screenR
13:24:13.7720729,User,1,98,37,3,74,13,1,0,8,0,5,-25,screenR
13:24:14.0222494,User,1,98,37,3,74,13,1,0,8,0,5,-25,screenR
13:24:14.2784315,User,1,98,37,3,74,13,1,0,8,0,5,-25,screenR
13:24:14.5386155,User,1,98,37,3,74,13,1,0,8,0,5,-25,screenR
13:24:14.7897934,User,1,98,37,3,74,13,1,0,8,0,5,-25,screenR
13:24:15.0409714,User,1,98,37,3,74,13,1,0,8,0,5,-25,screenR
13:24:15.2911492,User,1,98,37,3,74,13,1,0,8,0,5,-25,screenR
13:24:15.5413261,User,1,98,37,3,74,13,1,0,8,0,5,-25,screenR
13:24:15.7915036,User,1,98,37,3,74,13,1,0,8,0,5,-25,screenR
13:24:16.0416802,User,1,98,37,3,74,13,1,0,8,0,5,-25,screenR
13:24:16.3048673,User,1,98,37,3,74,13,1,0,8,0,5,-25,screenR
13:24:16.5550441,User,1,98,37,3,74,13,1,0,8,0,5,-25,screenR
13:24:16.8082235,User,1,98,37,3,74,13,1,0,8,0,5,-25,screenR
13:24:17.0704092,User,1,98,37,3,74,13,1,0,8,0,5,-25,screenR
13:24:17.3275910,User,1,98,37,3,74,13,1,0,8,0,5,-25,screenR
13:24:17.5777683,User,1,98,37,3,74,13,1,0,8,0,5,-25,screenR
13:24:17.8399549,User,1,98,37,3,74,13,1,0,8,0,5,-25,screenR
13:24:18.0911322,User,1,98,37,3,74,13,1,0,8,0,5,-25,screenR
13:24:18.3493148,User,1,98,37,3,74,13,1,0,8,0,5,-25,screenR
13:24:18.6004927,User,1,98,37,3,74,13,1,0,8,0,5,-25,screenR
13:24:18.8506705,User,1,98,37,3,74,13,1,0,8,0,5,-25,screenR
13:24:19.1018488,User,1,98,37,3,74,13,1,0,8,0,5,-25,screenR
13:24:19.3530257,User,1,98,37,3,74,13,1,0,8,0,5,-25,screenR
13:24:19.6152118,User,1,98,37,3,74,13,1,0,8,0,5,-25,screenR
13:24:19.8663894,User,1,98,37,3,74,13,1,0,8,0,5,-25,screenR
13:24:20.1175676,User,1,98,37,3,74,13,1,0,8,0,5,-25,screenR
13:24:20.3707466,User,1,98,37,3,74,13,1,0,8,0,5,-25,screenR
13:24:20.6309309,User,1,98,37,3,74,13,1,0,8,0,5,-25,screenR
13:24:20.8861126,User,1,98,37,3,74,13,1,0,8,0,5,-25,screenR
13:24:21.1452953,User,1,98,37,3,74,13,1,0,8,0,5,-25,screenR
13:24:21.3904696,User,1,98,37,3,74,13,1,0,8,0,5,-25,screenR
13:24:21.6496528,User,1,98,37,3,74,13,1,0,8,0,5,-25,screenR
13:24:21.9038329,User,1,98,37,3,74,13,1,0,8,0,5,-25,screenR
13:24:22.1660195,User,1,98,37,3,74,13,1,0,8,0,5,-25,screenR
13:24:22.4171965,User,1,98,37,3,74,13,1,0,8,0,5,-25,screenR
13:24:22.6823856,User,1,98,37,3,74,13,1,0,8,0,5,-25,screenR
13:24:22.9385658,User,1,98,37,3,74,13,1,0,8,0,5,-25,screenR
13:24:23.1957480,User,1,98,37,3,74,13,1,0,8,0,5,-25,screenR
13:24:23.4599351,User,1,98,37,3,74,13,1,0,8,0,5,-25,screenR
13:24:23.7161166,User,1,98,37,3,74,13,1,0,8,0,5,-25,screenR
13:24:23.9632920,User,1,98,37,3,74,13,1,0,8,0,5,-25,screenR
13:24:24.2264778,User,1,98,37,3,74,13,1,0,8,0,5,-25,screenR
13:24:24.4796574,User,1,98,37,3,74,13,1,0,8,0,5,-25,screenR
13:24:24.7308353,User,1,98,37,3,74,13,1,0,8,0,5,-25,screenR
13:24:24.9910193,User,1,98,37,3,74,13,1,0,8,0,5,-25,screenR
13:24:25.2441990,User,1,98,37,3,74,13,1,0,8,0,5,-25,screenR
13:24:25.5083858,User,1,98,37,3,74,13,1,0,8,0,5,-25,screenR
13:24:25.7585630,User,1,98,37,3,74,13,1,0,8,0,5,-25,screenR
13:24:26.0087402,User,1,98,37,3,74,13,1,0,8,0,5,-25,screenR
13:24:26.2709265,User,1,98,37,3,74,13,1,0,8,0,5,-25,screenR
13:24:26.5221045,User,1,98,37,3,74,13,1,0,8,0,5,-25,screenR
13:24:26.7732817,User,1,98,37,3,74,13,1,0,8,0,5,-25,screenR
13:24:27.0364685,User,1,98,37,3,74,13,1,0,8,0,5,-25,screenR
13:24:27.2866457,User,1,98,37,3,74,13,1,0,8,0,5,-25,screenR
13:24:27.5368232,User,1,98,37,3,74,13,1,0,8,0,5,-25,screenR
13:24:27.7880008,User,1,98,37,3,74,13,1,0,8,0,5,-25,screenR
13:24:28.0391784,User,1,98,37,3,74,13,1,0,8,0,5,-25,screenR
13:24:28.2903567,User,1,98,37,3,74,13,1,0,8,0,5,-25,screenR
13:24:28.5405339,User,1,98,37,3,74,13,1,0,8,0,5,-25,screenR
13:24:28.7957143,User,1,98,37,3,74,13,1,0,8,0,5,-25,screenR
13:24:29.0478932,User,1,98,37,3,74,13,1,0,8,0,5,-25,screenR
13:24:29.3060758,User,1,98,37,3,74,13,1,0,8,0,5,-25,screenR
13:24:29.5682618,User,1,98,37,3,74,13,1,0,8,0,5,-25,screenR
13:24:29.8194391,User,1,98,37,3,74,13,1,0,8,0,5,-25,screenR
13:24:30.0696170,User,1,98,37,3,74,13,1,0,8,0,5,-25,screenR
13:24:30.3207942,User,1,98,37,3,74,13,1,0,8,0,5,-25,screenR
13:24:30.5849817,User,1,98,37,3,74,13,1,0,8,0,5,-25,screenR
13:24:30.8361615,User,1,98,37,3,74,13,1,0,8,0,5,-25,screenR
13:24:31.1003471,User,1,98,37,3,74,13,1,0,8,0,5,-25,screenR
13:24:31.3505240,User,1,98,37,3,74,13,1,0,8,0,5,-25,screenR
13:24:31.6037039,User,1,98,37,3,74,13,1,0,8,0,5,-25,screenR
13:24:31.8548812,User,1,98,37,3,74,13,1,0,8,0,5,-25,screenR
13:24:32.1170672,User,1,98,37,3,74,13,1,0,8,0,5,-25,screenR
13:24:32.3692459,User,1,98,37,3,74,13,1,0,8,0,5,-25,screenR
13:24:32.6204235,User,1,98,37,3,74,13,1,0,8,0,5,-25,screenR
13:24:32.8806074,User,1,98,37,3,74,13,1,0,8,0,5,-25,screenR
13:24:33.1317857,User,1,98,37,3,74,13,1,0,8,0,5,-25,screenR
13:24:33.3829639,User,1,98,37,3,74,13,1,0,8,0,5,-25,screenR
13:24:33.6341418,User,1,98,37,3,74,13,1,0,8,0,5,-25,screenR
13:24:33.8963272,User,1,98,37,3,74,13,1,0,8,0,5,-25,screenR
13:24:34.1475058,User,1,98,37,3,74,13,1,0,8,0,5,-25,screenR
13:24:34.3986827,User,1,98,37,3,74,13,1,0,8,0,5,-25,screenR
13:24:34.6488603,User,1,98,37,3,74,13,1,0,8,0,5,-25,screenR
13:24:34.9000385,User,1,98,37,3,74,13,1,0,8,0,5,-25,screenR
13:24:35.1512161,User,1,98,37,3,74,13,1,0,8,0,5,-25,screenR
13:24:35.4144029,User,1,98,37,3,74,13,1,0,8,0,5,-25,screenR
13:24:35.6655811,User,1,98,37,3,74,13,1,0,8,0,5,-25,screenR
13:24:35.9177600,User,1,98,37,3,74,13,1,0,8,0,5,-25,screenR
13:24:36.1689380,User,1,98,37,3,74,13,1,0,8,0,5,-25,screenR
13:24:36.4191145,User,1,98,37,3,74,13,1,0,8,0,5,-25,screenR
13:24:36.6792991,User,1,98,37,3,74,13,1,0,8,0,5,-25,screenR
13:24:36.9294757,User,1,98,37,3,74,13,1,0,8,0,5,-25,screenR
13:24:37.1796529,User,1,98,37,3,74,13,1,0,8,0,5,-25,screenR
13:24:37.4298301,User,1,98,37,3,74,13,1,0,8,0,5,-25,screenR
13:24:37.6810080,User,1,98,37,3,74,13,1,0,8,0,5,-25,screenR
13:24:37.9431941,User,1,98,37,3,74,13,1,0,8,0,5,-25,screenR
13:24:38.1943717,User,1,98,37,3,74,13,1,0,8,0,5,-25,screenR
13:24:38.4455496,User,1,98,37,3,74,13,1,0,8,0,5,-25,screenR
13:24:38.6967278,User,1,98,37,3,74,13,1,0,8,0,5,-25,screenR
13:24:38.9609146,User,1,98,37,3,74,13,1,0,8,0,5,-25,screenR
13:24:39.2100918,User,1,98,37,3,74,13,1,0,8,0,5,-25,screenR
13:24:39.4602684,User,1,98,37,3,74,13,1,0,8,0,5,-25,screenR
13:24:39.7124470,User,1,98,37,3,74,13,1,0,8,0,5,-25,screenR
13:24:39.9646256,User,1,98,37,3,74,13,1,0,8,0,5,-25,screenR
